combo,n_features,bss_raw,bss_centered,offset,src,d_centered,d_per_100feat
id_frequency+temporal_cyclic+trackman_quality,295,786.548487104255,828.5644841706685,0.01024494368056067,fit 41s,16.52110937427892,5.6003760590776
count_multiscale+id_frequency+temporal_cyclic+trackman_quality,313,784.2120183114365,827.5915107600284,0.010409849995482223,fit 43s,15.548135963638856,4.967455579437335
context_robust+id_frequency+temporal_cyclic+trackman_quality,305,785.7401853759827,827.5132679113617,0.010215285296710064,fit 42s,15.469893114972137,5.072096103269554
id_frequency+rate_geometry+temporal_cyclic+trackman_quality,313,785.7364607135709,826.9478519228657,0.010146374222034349,fit 42s,14.904477126476081,4.7618137784268635
id_frequency+rate_geometry+trackman_quality,305,799.700337800513,826.3767042366088,0.008163296586819191,fit 41s,14.333329440219245,4.69945227548172
id_frequency+ordinal_numeric+temporal_cyclic+trackman_quality,295,783.1280364837379,825.259212508056,0.010258976363792027,fit 35s,13.215837711666381,4.4799449870055525
id_frequency+temporal_cyclic,284,783.0928196067455,824.9783303170722,0.01022902278137372,fit 42s,12.934955520682593,4.5545618030572514
context_robust+id_frequency,286,796.8713229542512,824.9130098246571,0.00836959235457474,fit 41s,12.869635028267567,4.499872387506143
id_frequency+trackman_quality,287,797.1859811939153,824.8957179127103,0.00831990635221258,fit 41s,12.852343116320753,4.478168333212806
count_multiscale+id_frequency+rate_geometry+trackman_quality,323,797.5850817997232,824.8520074361054,0.008253161149113508,fit 43s,12.808632639715825,3.9655209410884904
context_robust+id_frequency+temporal_cyclic,294,782.5540194277058,824.7416297605503,0.010265844964960968,fit 41s,12.698254964160697,4.3191343415512575
count_multiscale+id_frequency,294,796.4034355298688,824.5842081221921,0.00839032311350979,fit 42s,12.54083332580251,4.265589566599493
context_robust+id_frequency+rate_geometry+trackman_quality,315,796.9348763718132,824.3652040483829,0.008277853500043342,fit 42s,12.321829251993336,3.9116918260296303
id_frequency+rate_geometry+rate_multiscale+trackman_quality,365,800.2668525936451,824.1132000326057,0.007718149239358263,fit 44s,12.069825236216161,3.30680143457977
id_frequency+rate_geometry,294,795.7665645992762,823.7439283142911,0.008359987588751505,fit 42s,11.70055351790154,3.9797801081297757
id_frequency+ordinal_numeric+temporal_cyclic,284,781.0598847612371,823.4284261089186,0.010287835100369291,fit 35s,11.385051312529072,4.0088208846933355
context_robust+id_frequency+ordinal_numeric+temporal_cyclic,294,781.3554517877908,823.4125770781309,0.010249956691130435,fit 36s,11.369202281741309,3.867075606034459
count_multiscale+id_frequency+trackman_quality,305,795.4911538660681,823.349733728096,0.008342221658007798,fit 43s,11.306358931706427,3.707002928428337
id_frequency+rate_multiscale+temporal_cyclic,344,785.9953969611478,823.1694742780182,0.009636566820988901,fit 43s,11.126099481628671,3.2343312446594976
context_robust+id_frequency+trackman_quality,297,795.4951102433383,823.1239201184181,0.00830774824175634,fit 42s,11.08054532202857,3.73082334075036
context_robust+count_multiscale+id_frequency,304,794.6009382485353,823.1005916955359,0.008437660126616342,fit 42s,11.057216899146283,3.6372424010349613
context_robust+id_frequency+rate_geometry,304,794.8390322831789,822.7549692999214,0.00835080501130786,fit 42s,10.711594503531842,3.523550823530211
context_robust+id_frequency+rate_multiscale+temporal_cyclic,354,785.8915057432081,822.6899587229552,0.009587757009997033,fit 43s,10.646583926565654,3.0075095837756085
id_frequency+no_trackman+temporal_cyclic,186,784.3293180231137,822.4909948927217,0.009763734540985614,fit 36s,10.447620096332116,5.61700005179146
context_robust+id_frequency+no_trackman+temporal_cyclic,196,784.1159970656153,822.4896197814525,0.009790810364403435,fit 36s,10.44624498506289,5.329716829113719
component_shape+id_frequency+temporal_cyclic,296,780.7786002413164,822.2489144926626,0.0101781981483835,fit 41s,10.205539696273036,3.4478174649571067
id_frequency+rate_multiscale+temporal_cyclic+trackman_quality,355,785.4608327815149,822.2224903935315,0.00958296233455097,fit 43s,10.179115597141958,2.8673565062371718
component_shape+context_robust+id_frequency+temporal_cyclic,306,780.6427229293478,822.1277563438156,0.010180004274886356,fit 41s,10.084381547426005,3.295549525302616
component_shape+id_frequency+rate_geometry+trackman_quality,317,795.0814843686871,822.002368006014,0.008200623882983815,fit 43s,9.958993209624396,3.1416382364745727
id_frequency+recent_shape+trackman_quality,299,794.8675635703784,821.8875400969772,0.008215702828823612,fit 42s,9.844165300587633,3.2923629767851614
component_shape+id_frequency+temporal_cyclic+trackman_quality,307,783.1751909414986,821.836296005074,0.00982741667019027,fit 42s,9.792921208684447,3.1898766152066607
context_robust+count_multiscale+id_frequency+temporal_cyclic,312,779.8467097283823,821.7436303636694,0.010230415917485691,fit 44s,9.700255567279783,3.109056271564033
count_multiscale+id_frequency+temporal_cyclic,302,780.1927327354741,821.5819878620633,0.010168245976527046,fit 42s,9.538613065673758,3.158481147574092
context_robust+id_frequency+temporal_cyclic+trackman_compact,249,783.6434338367892,821.4339203174825,0.009716133638640267,fit 38s,9.390545521092918,3.7713034221256696
id_frequency+temporal_cyclic+trackman_compact,239,783.7136950248125,821.3922434389675,0.009701733032810023,fit 39s,9.34886864257794,3.911660519907088
context_robust+id_frequency+rate_geometry+temporal_cyclic,312,779.1889243566663,820.7220433399498,0.010185902420420556,fit 42s,8.678668543560207,2.7816245331923737
component_compact+context_robust+id_frequency+temporal_cyclic,290,779.5939730671387,820.2833138731825,0.010081904174568668,fit 41s,8.239939076792894,2.841358302342377
id_frequency,-1,792.1759266044659,819.9801725345179,0.00833408256892898,cache,7.936797738128348,
component_compact+id_frequency+temporal_cyclic+trackman_quality,291,781.5316447604914,819.9490813961207,0.009796398205372037,fit 41s,7.905706599731161,2.716737663137856
component_shape+id_frequency+trackman_quality,299,793.0656075054387,819.9393867923011,0.00819344629200286,fit 42s,7.896011995911522,2.6408066875958265
component_compact+id_frequency+temporal_cyclic,280,779.4305150659153,819.8099503751721,0.010043436980826492,fit 41s,7.766575578782522,2.7737769924223294
id_frequency+recent_shape+temporal_cyclic+trackman_quality,307,779.0243020107113,819.7827992795781,0.010090468245807394,fit 41s,7.739424483188486,2.5209851736770315
rate_multiscale+temporal_cyclic,340,779.3527637900644,819.6364525143051,0.01003152255574008,fit 60s,7.593077717915548,2.2332581523281023
id_frequency+trackman_compact+trackman_quality,242,795.5176204101911,819.3061070595364,0.007708779891832385,fit 38s,7.262732263146859,3.001129034358206
id_frequency+rate_geometry+recent_shape+trackman_quality,317,790.4062027836667,818.8724880481279,0.008432719157007496,fit 41s,6.829113251738363,2.1542944011792944
component_shape+context_robust+id_frequency,298,790.6685365013377,818.7681929588298,0.008378238969242613,fit 41s,6.724818162440215,2.256650390080609
component_shape+id_frequency,288,790.5204560419766,818.5447350025021,0.008366994084922696,fit 42s,6.501360206112508,2.25741673823351
id_frequency+temporal_cyclic+trackman_compact+trackman_quality,250,779.0735479240252,818.3269274814054,0.009902406834727207,fit 37s,6.28355268501582,2.5134210740063283
temporal_cyclic+trackman_quality,291,767.56692721478,818.1518863789927,0.011241206869784248,fit 58s,6.108511582603114,2.0991448737467744
id_frequency+recent_shape,288,789.5087178707682,817.9181900465959,0.008424299932357882,fit 43s,5.874815250206325,2.0398664063216407
component_compact+id_frequency+trackman_quality,283,791.8466763845222,817.8593563449188,0.008061108880059564,fit 41s,5.81598154852918,2.0551171549573075
id_frequency+rate_geometry+trackman_compact+trackman_quality,260,792.6645383559472,817.3810230282407,0.007857702638956465,fit 38s,5.337648231851176,2.0529416276350676
context_robust+id_frequency+recent_shape,298,788.8007303357148,817.2995145406037,0.008437531450919522,fit 41s,5.256139744214124,1.7638052832933302
component_compact+id_frequency+rate_geometry+trackman_quality,301,791.2452793972791,817.1221836176801,0.008040043480773695,fit 42s,5.078808821290522,1.687311900760971
context_robust+id_frequency+rate_multiscale,346,791.6270742436282,816.9823394272191,0.007958593388667057,fit 43s,4.93896463082956,1.4274464250952486
temporal_cyclic,-1,758.8473770386406,816.7970898684263,0.012031724593110305,cache,4.753715072036698,
id_frequency+rate_geometry+temporal_cyclic,302,774.8981942418354,816.5357149099273,0.010198696522531303,fit 42s,4.4923401135376935,1.487529838919766
id_frequency+rate_multiscale+trackman_quality,347,790.5949045106775,816.2246387549699,0.008001553064974465,fit 44s,4.181263958580303,1.2049752042018163
rate_geometry+temporal_cyclic,298,767.6886204547206,815.5458529504278,0.01093392343710059,fit 59s,3.502478154038272,1.1753282396101583
rate_geometry+recent_shape,302,782.7537530699202,815.4735571582195,0.009040815064678298,fit 59s,3.4301823618299068,1.135821974115863
component_compact+context_robust+id_frequency,282,787.7447150826833,815.174855634071,0.008277825264913496,fit 40s,3.1314808376814653,1.110454197759385
count_multiscale+rate_geometry,308,781.2903933695382,815.0751130535206,0.009186760580097209,fit 61s,3.0317382571309963,0.9843306029646092
ordinal_numeric+temporal_cyclic,280,768.2402757698381,814.9702714739249,0.010804386430606383,fit 52s,2.9268966775352965,1.0453202419768917
context_robust+id_frequency+ordinal_numeric,286,789.5332897043584,814.9679347125516,0.007971041652529043,fit 36s,2.924559916162025,1.0225733972594493
context_robust+rate_geometry,300,780.8936503608921,814.9199886864022,0.0092195525953771,fit 58s,2.8766138900126634,0.9588712966708878
count_multiscale+temporal_cyclic,298,767.230597429136,814.7322383331601,0.010893226762597186,fit 59s,2.6888635367705547,0.9023032002585754
rate_geometry+trackman_quality,301,782.287015800498,814.4758034446476,0.00896715234475387,fit 59s,2.4324286482579964,0.8081158299860454
id_frequency+ordinal_numeric+rate_geometry+trackman_quality,305,788.6125701537571,814.3179083135443,0.008013346071993332,fit 39s,2.2745335171547367,0.7457486941490941
context_robust+id_frequency+no_trackman,188,788.7484914574916,814.1571914052959,0.007966975114083008,fit 35s,2.1138166089062906,1.1243705366522823
id_frequency+ordinal_numeric,276,788.7016799634661,814.1019909852498,0.007965659818882309,fit 35s,2.058616188860242,0.7458754307464646
component_compact+id_frequency,272,786.6419626734067,814.0202881796954,0.008270003237288714,fit 39s,1.9769133833058277,0.7268063909212601
id_frequency+rate_multiscale,336,789.129558361823,813.9746996845054,0.007878126933891672,fit 43s,1.931324888115796,0.574799073843987
id_frequency+recent_shape+temporal_cyclic,296,771.0399009135726,813.7489772778395,0.010329096335677523,fit 42s,1.705602481449887,0.5762170545438807
rate_geometry,-1,779.0786137357841,813.7150059892351,0.009301833530428016,cache,1.6716311928455525,
id_frequency+trackman_compact,231,789.8413063311849,813.6648091850996,0.00771445139495458,fit 39s,1.6214343887099858,0.7019196487922016
no_trackman+temporal_cyclic,182,769.4901827414502,813.5644542739074,0.010492882502236955,fit 53s,1.5210794775177874,0.8357579546801029
id_frequency+no_trackman,178,788.2790602640077,813.5480736917167,0.00794504536585644,fit 35s,1.5046988953271239,0.845336458048946
count_multiscale,-1,777.1617105060913,813.2213003797295,0.009491014343281978,cache,1.1779255833399702,
context_robust,-1,776.6003020141854,812.8088158751879,0.009510592815403673,cache,0.7654410787982897,
rate_multiscale,-1,779.6723740013279,812.788145721699,0.009095355496421764,cache,0.7447709253094672,
context_robust+id_frequency+trackman_compact,241,787.833527677706,812.2686967042658,0.007812857658574479,fit 40s,0.22532190787626405,0.09349456758351204
temporal_cyclic+trackman_compact,235,769.889907342236,812.0629741257934,0.010264075313981491,fit 56s,0.01959932940383169,0.008340140171843272
baseline,-1,776.0253458644283,812.0433747963896,0.009485543271382124,cache,0.0,
rate_geometry+rate_multiscale,350,781.9564025804859,812.0418390539342,0.008669227431305215,fit 61s,-0.0015357424554167665,-0.0004387835586905047
context_robust+id_frequency+recent_shape+temporal_cyclic,306,769.7691275559082,811.9135096632757,0.01026058408391245,fit 41s,-0.12986513311386716,-0.04243958598492391
context_robust+temporal_cyclic,290,766.1642055743379,811.1433414773384,0.010600047032021831,fit 57s,-0.9000333190512038,-0.31035631691420823
recent_shape+temporal_cyclic,292,763.3103120105122,811.0952392160864,0.010925660534047643,fit 58s,-0.9481355803031875,-0.32470396585725597
component_shape,-1,774.752240896548,810.9454861332632,0.009508587361926613,cache,-1.097888663126355,
id_frequency+ordinal_numeric+trackman_quality,287,786.3533833477599,810.9363177116192,0.007836445166081063,fit 36s,-1.1070570847704175,-0.38573417587819425
component_shape+temporal_cyclic,292,764.7362793186785,810.6375922451891,0.010708158532757694,fit 60s,-1.4057825512004456,-0.48143238054809784
component_shape+rate_geometry,302,774.8065610685195,809.8923102718536,0.009361977986218961,fit 59s,-2.1510645245359683,-0.712273021369526
trackman_quality,-1,775.5817798226539,808.9336915712786,0.009127726209402387,cache,-3.1096832251109845,
no_trackman+rate_geometry,192,771.3193644683925,806.8295237465551,0.009418430738676209,fit 53s,-5.2138510498344885,-2.7155474217887963
no_trackman,-1,769.7462963192514,806.3339388429291,0.009560254461109696,cache,-5.709435953460456,
recent_shape,-1,770.7902091464547,805.7698972445793,0.009347817062127839,cache,-6.273477551810288,
trackman_compact,-1,768.3888322783994,805.0613065715528,0.00957133120299175,cache,-6.98206822483678,
component_compact+rate_geometry,286,771.563796043806,804.9581265947347,0.009133528937945168,fit 56s,-7.085248201654849,-2.477359511068129
ordinal_numeric,-1,774.6521303265474,804.4495076860003,0.008627624970741599,cache,-7.593867110389283,
component_compact,-1,772.293935793833,803.9959859167167,0.008899096422162911,cache,-8.047388879672894,
rate_geometry+trackman_compact,245,774.9915038057109,803.7818910988426,0.008480588523112731,fit 56s,-8.261483697546964,-3.372034162264067
ordinal_numeric+rate_geometry,290,773.0220892982254,802.6632823702639,0.00860498422237338,fit 53s,-9.380092426125657,-3.2345146296985026
component_compact+temporal_cyclic,276,758.7343337942754,801.6953232469426,0.010359513861957326,fit 56s,-10.34805154944695,-3.7492940396546923
id_frequency+no_component+trackman_quality,242,769.5697044270977,792.3936243365737,0.007550876299562137,fit 39s,-19.64975045981589,-8.119731594965245
id_frequency+no_component+temporal_cyclic+trackman_quality,250,754.8793904195384,791.2376504740304,0.009530238825148196,fit 43s,-20.805724322359197,-8.322289728943678
id_frequency+no_component+rate_geometry+trackman_quality,260,768.0432288651451,790.4522005888759,0.007481922452208578,fit 39s,-21.59117420751363,-8.304297772120627
context_robust+id_frequency+no_component+temporal_cyclic,249,749.6572636459642,789.7623234844887,0.010009256588603743,fit 39s,-22.28105131190091,-8.948213378273458
context_robust+id_frequency+no_component,241,766.135677113533,789.1849043993426,0.007588054185613646,fit 39s,-22.858470397046972,-9.484842488401233
id_frequency+no_component+temporal_cyclic,239,751.195947747374,787.8613633660602,0.00957041001941511,fit 38s,-24.18201143032934,-10.11799641436374
id_frequency+no_component,231,763.6517662760078,786.123352697099,0.007492368079056566,fit 40s,-25.920022099290577,-11.220788787571678
no_component,-1,750.6871536661741,786.0903116710726,0.009404229951827436,cache,-25.95306312531693,
no_component+rate_geometry,245,747.9203698945613,780.7579294853762,0.009057068975988625,fit 56s,-31.285445311013405,-12.769569514699349
no_component+temporal_cyclic,235,735.7777285977418,771.9145860000887,0.009501177448259845,fit 55s,-40.12878879630091,-17.07608033885145
drop_ids,-1,725.4294574097986,754.9846108033443,0.008592486275273925,cache,-57.05876399304532,
drop_ids+rate_geometry,286,723.5150582148964,754.3910618880378,0.00878239123935698,fit 41s,-57.652312908351746,-20.158151366556556
drop_ids+temporal_cyclic,276,705.0510558430423,749.772125034609,0.010569594531496529,fit 41s,-62.27124976178061,-22.562047015137903
