k,combo,f23,f24,off24
2,split_ball_no_+split_ball_rat,468.7767462685288,892.5665896839074,-0.00962000831924234
3,split_ball_no_+split_ball_rat+split_ball_rat,477.57685178646534,880.0360203307766,-0.010585704720454059
2,split_ball_rat+split_ball_rat,480.0129028095679,879.9864654068346,-0.01024875492503563
3,split_ball_no_+split_ball_rat+split_ball_rat,475.41746288526366,879.2316383011922,-0.010684106062007398
2,split_ball_rat+split_ball_rat,476.97051759079125,879.0914476306089,-0.010397485460004269
4,split_ball_no_+split_ball_rat+split_ball_rat+split_ball_rat,479.5788572523496,871.6932665097099,-0.011137376030450924
3,split_ball_rat+split_ball_rat+split_ball_rat,481.3709068250849,868.4961909874888,-0.011095231803705446
3,split_ball_no_+bayesian+split_ball_rat,507.9470967475297,866.0499262791443,-0.012855617755539533
4,split_ball_no_+bayesian+split_ball_rat+split_ball_rat,505.1386288831394,862.7578819556336,-0.012770042501698914
4,split_ball_no_+bayesian+split_ball_rat+split_ball_rat,503.80046817681824,862.0543856712404,-0.01284357736417277
2,split_ball_no_+split_ball_rat,480.1261099395826,861.7012039230376,-0.011867923653990975
2,split_ball_no_+split_ball_rat,477.06790553410093,860.291265765245,-0.012014810023744382
5,split_ball_no_+bayesian+split_ball_rat+split_ball_rat+split_ball_rat,501.72852481497057,859.4750766609316,-0.012774689683646423
3,split_ball_no_+interact+split_ball_rat,508.37409122708175,857.1050308951889,-0.012777655147521688
4,split_ball_no_+interact+split_ball_rat+split_ball_rat,505.3776540144161,855.6903300564134,-0.012710136693087043
3,split_ball_no_+split_ball_rat+split_ball_rat,481.5223038996619,855.5031806840585,-0.012172088629739952
4,split_ball_no_+interact+split_ball_rat+split_ball_rat,503.9912250697998,854.9290255525532,-0.012783502603387537
3,bayesian+split_ball_rat+split_ball_rat,511.8541559114287,854.7791350087986,-0.013266342173663764
3,split_ball_no_+mtend+split_ball_rat,506.25547529453695,854.4998216045485,-0.0131621396090299
2,bayesian+split_ball_rat,516.590448611709,854.3301479914555,-0.01363772666646762
3,bayesian+split_ball_rat+split_ball_rat,510.27385363729974,853.9314997790037,-0.013364770556110656
5,split_ball_no_+interact+split_ball_rat+split_ball_rat+split_ball_rat,501.84958581144247,853.6120372090284,-0.01272596650105648
4,split_ball_no_+split_ball_rat+mtend+split_ball_rat,503.3340704839628,853.5016111370309,-0.012997621682578953
4,split_ball_no_+mtend+split_ball_rat+split_ball_rat,502.0830165530454,852.875196524816,-0.013071441398367911
4,bayesian+split_ball_rat+split_ball_rat+split_ball_rat,506.5479684260854,852.8474536315333,-0.0131486905352107
5,split_ball_no_+split_ball_rat+mtend+split_ball_rat+split_ball_rat,500.0813230468859,851.8380671113324,-0.012955826549652188
4,split_ball_id_+split_ball_no_+split_ball_rat+split_ball_rat,509.52853740465764,848.1006842449457,-0.012971623943266453
3,split_ball_id_+split_ball_no_+split_ball_rat,515.1389733097255,848.060165800324,-0.013130374218986801
4,split_ball_no_+split_ball_rat+split_ball_id_+split_ball_rat,505.38175966868823,847.5448757603865,-0.013127132859377555
4,split_ball_id_+split_ball_no_+split_ball_rat+split_ball_rat,508.34498486272975,847.4468083638276,-0.013045333907530321
5,split_ball_id_+split_ball_no_+split_ball_rat+split_ball_rat+split_ball_rat,504.85397559079104,847.2249458170822,-0.012933914018943393
5,split_ball_no_+split_ball_rat+split_ball_id_+split_ball_rat+split_ball_rat,501.61315265426776,846.9349434818251,-0.013058870235820058
3,split_ball_no_+split_ball_id_+split_ball_rat,509.4198633981639,846.9189148281431,-0.013336257685116731
4,split_ball_no_+split_ball_id_+split_ball_rat+split_ball_rat,504.2102559380535,846.9060059984712,-0.013200877155405494
4,split_ball_no_+id_frequency__+split_ball_rat+split_ball_rat,509.8485589527857,845.5204916813286,-0.013102964008826212
5,split_ball_no_+id_frequency__+split_ball_rat+split_ball_rat+split_ball_rat,505.3055105762927,845.274180686717,-0.013039416386260355
4,interact+split_ball_rat+split_ball_rat+split_ball_rat,506.4647918408438,845.2363255809114,-0.013086918213205623
3,interact+split_ball_rat+split_ball_rat,511.7959470576028,844.9660428163863,-0.013185365160326978
4,split_ball_no_+id_frequency__+split_ball_rat+split_ball_rat,508.63508766415544,844.8623646997833,-0.013176665294993312
3,split_ball_no_+id_frequency__+split_ball_rat,514.9733851920857,844.3001631365577,-0.013304284594905735
3,interact+split_ball_rat+split_ball_rat,510.12974155965065,844.0174841226944,-0.013283494524398504
4,split_ball_rat+mtend+split_ball_rat+split_ball_rat,504.1832758362119,842.8332796138083,-0.01337339533599663
3,split_ball_rat+mtend+split_ball_rat,509.01678523966876,841.731092246678,-0.013567243134452373
3,mtend+split_ball_rat+split_ball_rat,507.58803198385215,841.0175365335948,-0.013666176808995317
5,split_ball_no_+interact+bayesian+split_ball_rat+split_ball_rat,515.5995652681877,840.9641441019078,-0.014013749792427338
2,split_ball_rat+split_ball_rat,483.5955482018206,840.7278875677937,-0.012619594812370738
4,split_ball_no_+bayesian+split_ball_rat+split_ball_rat,506.6050157801816,840.4832912749405,-0.01394721037642832
2,interact+split_ball_rat,516.4673533089248,840.3844192160892,-0.013519722415841567
5,split_ball_no_+interact+bayesian+split_ball_rat+split_ball_rat,514.6285964911956,840.3187870366758,-0.01407234304280952
5,split_ball_no_+bayesian+split_ball_rat+mtend+split_ball_rat,513.7878961915643,838.1737581069304,-0.014239213955934638
3,split_ball_no_+bayesian+split_ball_rat,511.85765924681715,837.6896748270801,-0.014328722889631468
5,split_ball_no_+bayesian+mtend+split_ball_rat+split_ball_rat,512.9020037695775,837.6130330572273,-0.014298096991272852
4,split_ball_id_+split_ball_rat+split_ball_rat+split_ball_rat,510.45520231661754,837.185626226955,-0.013346447608660023
4,split_ball_rat+split_ball_id_+split_ball_rat+split_ball_rat,506.34931711258656,836.7504513785873,-0.013502390846256734
4,split_ball_no_+interact+bayesian+split_ball_rat,518.2899295461784,836.7403859888101,-0.014384489524199101
3,split_ball_no_+bayesian+split_ball_rat,510.2710398632859,836.6190786189165,-0.014426333453753548
2,mtend+split_ball_rat,513.5967444441225,835.9953047491708,-0.014094104534783214
5,split_ball_id_+split_ball_no_+bayesian+split_ball_rat+split_ball_rat,520.039243786341,835.3861190516287,-0.014224424469270913
3,split_ball_id_+split_ball_rat+split_ball_rat,517.9138932872363,834.8963767031426,-0.013533983428946045
5,split_ball_id_+split_ball_no_+bayesian+split_ball_rat+split_ball_rat,519.196289070345,834.8068757656813,-0.014283236524132187
4,id_frequency__+split_ball_rat+split_ball_rat+split_ball_rat,510.81201776677074,834.5114186596892,-0.013477585768950778
3,split_ball_id_+split_ball_rat+split_ball_rat,516.6039981737258,834.1341675719649,-0.013632721893794275
3,split_ball_rat+split_ball_id_+split_ball_rat,512.2471347853597,833.9434472772745,-0.013740576561727641
5,split_ball_no_+bayesian+split_ball_rat+split_ball_id_+split_ball_rat,516.3986206038306,833.9042312333734,-0.014344891125383175
5,split_ball_no_+bayesian+split_ball_id_+split_ball_rat+split_ball_rat,515.5633834788675,833.3350166570331,-0.014403725380519095
5,split_ball_no_+interact+split_ball_rat+mtend+split_ball_rat,514.3314846165036,833.2889196549842,-0.014195055870997203
3,split_ball_id_+split_ball_rat+split_ball_rat,510.958690023422,833.2074669362921,-0.013839375737678933
4,split_ball_no_+bayesian+mtend+split_ball_rat,516.3071714473944,833.1148608931693,-0.014665577345696845
4,split_ball_no_+interact+split_ball_rat+split_ball_rat,506.5691236056158,833.0310013146658,-0.013886624683987048
5,split_ball_no_+interact+mtend+split_ball_rat+split_ball_rat,513.4150412689609,832.6918621470725,-0.014253831127717831
5,split_ball_no_+bayesian+id_frequency__+split_ball_rat+split_ball_rat,519.3750040039746,832.5714325266076,-0.014326714428285842
5,interact+bayesian+split_ball_rat+split_ball_rat+split_ball_rat,515.8657659204091,832.1213771282477,-0.0143138009662378
5,split_ball_no_+bayesian+id_frequency__+split_ball_rat+split_ball_rat,518.5131770424344,831.9901212822889,-0.014385521498410131
3,id_frequency__+split_ball_rat+split_ball_rat,517.8703152088792,830.9775700564682,-0.013707550162794097
4,split_ball_id_+split_ball_no_+bayesian+split_ball_rat,524.8545607647093,830.5122918189522,-0.014650582191350653
4,split_ball_no_+split_ball_rat+mtend+split_ball_rat,504.31253647571504,830.3241247374249,-0.014171421294235154
3,id_frequency__+split_ball_rat+split_ball_rat,516.5074479110299,830.2074960230387,-0.013806273332293478
5,split_ball_id_+split_ball_no_+interact+split_ball_rat+split_ball_rat,520.1804060078863,829.2999888484975,-0.014175749211790406
5,bayesian+split_ball_rat+mtend+split_ball_rat+split_ball_rat,513.905141219273,829.1966320052579,-0.014538620119937395
5,split_ball_no_+interact+split_ball_rat+split_ball_id_+split_ball_rat,516.6463905832863,828.7869642228274,-0.01429983384330738
5,split_ball_id_+split_ball_no_+interact+split_ball_rat+split_ball_rat,519.3070340730021,828.6845442221136,-0.014234453493028792
5,split_ball_no_+interact+split_ball_id_+split_ball_rat+split_ball_rat,515.7807887021471,828.1811477543588,-0.014358560357938227
3,split_ball_no_+interact+split_ball_rat,511.88246157084507,828.1514074543472,-0.014249848313119123
4,split_ball_no_+bayesian+split_ball_id_+split_ball_rat,520.1019000978024,828.1270963912401,-0.014799122172673873
2,split_ball_id_+split_ball_rat,528.7813966073695,827.6988998356383,-0.014051774588023869
4,split_ball_no_+interact+mtend+split_ball_rat,517.1504675568483,827.502665123736,-0.014612618578301428
5,split_ball_id_+split_ball_no_+split_ball_rat+mtend+split_ball_rat,518.3850449775985,827.2667781011655,-0.01440399708356574
3,split_ball_no_+interact+split_ball_rat,510.2101495113143,826.9815067538766,-0.014347159536151621
4,interact+bayesian+split_ball_rat+split_ball_rat,519.6840811339088,826.7971479249403,-0.014687685404106227
5,split_ball_id_+split_ball_no_+mtend+split_ball_rat+split_ball_rat,517.596274928589,826.7350825223674,-0.014462990738841719
5,split_ball_no_+interact+id_frequency__+split_ball_rat+split_ball_rat,519.7597733060388,826.6010315445271,-0.014278625472596673
4,split_ball_no_+bayesian+id_frequency__+split_ball_rat,523.4212695813811,826.5930484894878,-0.014776901560151934
2,split_ball_no_+bayesian,516.3702731712738,826.4754538634068,-0.01522257266808602
5,split_ball_id_+bayesian+split_ball_rat+split_ball_rat+split_ball_rat,520.2000327534928,826.2462869990328,-0.014523222224501947
4,interact+bayesian+split_ball_rat+split_ball_rat,518.6120356417968,826.0162589912245,-0.014761069108958996
5,split_ball_no_+interact+id_frequency__+split_ball_rat+split_ball_rat,518.8674750680188,825.9837109444002,-0.014337324632464704
5,split_ball_no_+split_ball_rat+mtend+split_ball_id_+split_ball_rat,514.7731982683035,825.9085633237961,-0.014524871039598652
5,split_ball_no_+mtend+split_ball_id_+split_ball_rat+split_ball_rat,513.9919850645435,825.3865967537632,-0.014583886755649339
2,split_ball_id_+split_ball_rat,519.7623698224629,825.2263318697217,-0.014357817622573876
5,bayesian+split_ball_rat+split_ball_id_+split_ball_rat+split_ball_rat,516.5864978870837,824.8444824354273,-0.014643966838187555
4,split_ball_id_+split_ball_no_+split_ball_rat+split_ball_rat,510.5601575255414,824.7455907981149,-0.014144789183760276
3,split_ball_no_+split_ball_rat+mtend,509.14838865872,824.3791873138839,-0.01462874264153008
5,split_ball_no_+id_frequency__+split_ball_rat+mtend+split_ball_rat,517.6901370320342,824.2960122847643,-0.014505715985916462
4,split_ball_no_+split_ball_rat+split_ball_id_+split_ball_rat,506.4295116494089,824.0476620783866,-0.01429965034169381
5,interact+split_ball_rat+mtend+split_ball_rat+split_ball_rat,514.2448135061705,823.968204077552,-0.01449326832143702
5,split_ball_no_+id_frequency__+mtend+split_ball_rat+split_ball_rat,516.8820838630351,823.7619462100221,-0.014564704446783483
3,split_ball_no_+mtend+split_ball_rat,507.71253349803925,823.4409503996231,-0.014726857463109727
5,bayesian+id_frequency__+split_ball_rat+split_ball_rat+split_ball_rat,519.5624569734991,823.3746427130928,-0.014625383064144543
4,split_ball_id_+split_ball_no_+interact+split_ball_rat,525.0754165342375,823.0357248560027,-0.01459057592887747
4,bayesian+split_ball_rat+mtend+split_ball_rat,517.3388107246213,822.8274486159703,-0.014967309551016411
3,bayesian+split_ball_rat+split_ball_rat,512.1750991948004,822.3729888721442,-0.014826439411946779
4,bayesian+mtend+split_ball_rat+split_ball_rat,516.3977651088003,822.176149313325,-0.015041144705525616
4,split_ball_no_+interact+split_ball_id_+split_ball_rat,520.4875389556829,822.1549969624431,-0.014744762416587426
5,split_ball_id_+split_ball_no_+split_ball_rat+split_ball_id_+split_ball_rat,519.9819594047806,822.0748058341609,-0.014505896236119503
4,split_ball_no_+id_frequency__+split_ball_rat+split_ball_rat,510.8502562278461,821.9524576462467,-0.014275573117599638
5,split_ball_id_+split_ball_no_+split_ball_id_+split_ball_rat+split_ball_rat,519.2434179684069,821.5355694459303,-0.014564841756289998
5,split_ball_no_+interact+bayesian+split_ball_rat+split_ball_rat,515.9143036231884,821.1251904218342,-0.014949015156374312
2,id_frequency__+split_ball_rat,527.068914035822,820.7603083080439,-0.01430824375384765
4,split_ball_id_+split_ball_no_+mtend+split_ball_rat,523.1175180675285,820.5750454685856,-0.01487599908747178
5,split_ball_id_+split_ball_no_+id_frequency__+split_ball_rat+split_ball_rat,523.5093147748726,820.3995116818575,-0.014486673324398514
4,split_ball_id_+bayesian+split_ball_rat+split_ball_rat,525.8831951369114,819.9957631026878,-0.014951474603259601
5,split_ball_no_+id_frequency__+split_ball_rat+split_ball_id_+split_ball_rat,520.1300101443595,819.9587801766328,-0.014611008905475703
5,split_ball_id_+split_ball_no_+id_frequency__+split_ball_rat+split_ball_rat,522.7442247159763,819.8479580140971,-0.01454559132830796
5,split_ball_id_+interact+split_ball_rat+split_ball_rat+split_ball_rat,520.1384699350275,819.8218089715658,-0.014473354110303621
5,split_ball_no_+id_frequency__+split_ball_id_+split_ball_rat+split_ball_rat,519.3724851738413,819.4163074671911,-0.014669948717162262
5,interact+split_ball_rat+split_ball_id_+split_ball_rat+split_ball_rat,516.6310786240081,819.3847694439648,-0.014597716281449125
4,split_ball_id_+bayesian+split_ball_rat+split_ball_rat,525.0086471668025,819.3152228261557,-0.015025198528046013
4,split_ball_no_+interact+id_frequency__+split_ball_rat,524.0192639145102,819.2942629272615,-0.014717807534025601
4,split_ball_no_+mtend+split_ball_id_+split_ball_rat,518.4092191894307,818.3826044197762,-0.015025174611885184
5,split_ball_no_+bayesian+split_ball_rat+mtend+split_ball_rat,513.9695849404768,818.0177499392149,-0.015172768745066567
4,bayesian+split_ball_rat+split_ball_id_+split_ball_rat,521.1616038674482,817.7212698950442,-0.015100413483085134
5,split_ball_id_+split_ball_rat+mtend+split_ball_rat+split_ball_rat,518.1943481729401,817.6572698366025,-0.014700960688418085
3,split_ball_id_+split_ball_no_+split_ball_rat,518.0014651983922,817.656002968925,-0.0145960359365635
5,interact+id_frequency__+split_ball_rat+split_ball_rat+split_ball_rat,519.7440091652572,817.0668104807377,-0.014576101598948232
4,bayesian+split_ball_id_+split_ball_rat+split_ball_rat,520.2991336145102,817.0563822587851,-0.015174172043471296
4,interact+split_ball_rat+mtend+split_ball_rat,517.9127195134248,816.7345733126385,-0.014912655704185013
3,split_ball_id_+split_ball_no_+split_ball_rat,516.6857845694817,816.6701303216616,-0.01469395598939921
4,split_ball_no_+id_frequency__+mtend+split_ball_rat,521.6362083253712,816.4136148072765,-0.01500142657368489
5,split_ball_rat+mtend+split_ball_id_+split_ball_rat+split_ball_rat,514.6094880869034,816.3785258862189,-0.014822112820128686
3,split_ball_no_+split_ball_rat+split_ball_id_,512.2913451993005,816.2439742926963,-0.01480071042560252
4,interact+mtend+split_ball_rat+split_ball_rat,516.924024087928,816.0275247861559,-0.014986323175540606
4,bayesian+id_frequency__+split_ball_rat+split_ball_rat,524.5235902806678,815.9921085231003,-0.015077599783152734
4,bayesian+id_frequency__+split_ball_rat+split_ball_rat,523.6197604017723,815.308460127806,-0.01515131620021079
3,split_ball_no_+split_ball_id_+split_ball_rat,510.99635191972357,815.2843886043204,-0.014898691357992738
5,split_ball_id_+split_ball_no_+bayesian+split_ball_rat+split_ball_rat,520.2490930443781,815.0959092301124,-0.015157561983841689
5,id_frequency__+split_ball_rat+mtend+split_ball_rat+split_ball_rat,517.526384879996,814.631285303835,-0.014802550793617447
4,split_ball_id_+split_ball_no_+split_ball_id_+split_ball_rat,525.3412382633549,814.1542469758178,-0.015003645913845981
3,interact+bayesian+split_ball_rat,521.0098431047916,814.1311557757214,-0.015398354103374506
5,split_ball_no_+bayesian+split_ball_rat+split_ball_id_+split_ball_rat,516.6196817344204,813.5375753267172,-0.01527762121366319
3,split_ball_no_+id_frequency__+split_ball_rat,517.8409805801865,813.5319723564182,-0.0147689764811203
5,split_ball_no_+interact+bayesian+mtend+split_ball_rat,520.1371510284769,813.3341844177244,-0.015517016664241934
2,split_ball_no_+interact,516.4299564817121,813.1202682191363,-0.015109265568613972
5,split_ball_no_+interact+split_ball_rat+mtend+split_ball_rat,514.3387756939787,812.8801511280259,-0.01512816598946981
3,split_ball_no_+id_frequency__+split_ball_rat,516.4717574674071,812.5384732789897,-0.014866881107179541
4,split_ball_no_+interact+bayesian+split_ball_rat,519.7052009082936,812.3902319330467,-0.015479285942647913
5,split_ball_id_+split_ball_rat+split_ball_id_+split_ball_rat+split_ball_rat,519.8658210222029,812.3890998590455,-0.014802532192217582
5,split_ball_no_+bayesian+id_frequency__+split_ball_rat+split_ball_rat,519.5696973726239,812.155469864384,-0.015259500368257822
4,split_ball_id_+split_ball_no_+id_frequency__+split_ball_rat,529.514295159883,812.0873798064476,-0.014979793368106481
4,split_ball_id_+interact+split_ball_rat+split_ball_rat,525.8367331071878,812.0485841808911,-0.014889774852932747
3,interact+split_ball_rat+split_ball_rat,511.6378393691057,811.8943654641608,-0.014744250292462818
4,split_ball_no_+interact+bayesian+split_ball_rat,518.629882324051,811.4862161627378,-0.015552210057229482
4,split_ball_no_+id_frequency__+split_ball_id_+split_ball_rat,525.1663034385178,811.3180358950812,-0.015134371023976939
4,split_ball_id_+interact+split_ball_rat+split_ball_rat,524.9147990820658,811.3125599411796,-0.01496333109226411
4,interact+split_ball_rat+split_ball_id_+split_ball_rat,521.2789172699073,811.2712794171473,-0.015044359401946983
5,split_ball_id_+split_ball_no_+interact+bayesian+split_ball_rat,527.455748101835,811.1052959957732,-0.015504739324252559
5,split_ball_id_+id_frequency__+split_ball_rat+split_ball_rat+split_ball_rat,523.3907629766055,810.5785943880006,-0.014782901717951324
4,interact+split_ball_id_+split_ball_rat+split_ball_rat,520.3691628832274,810.5501147644634,-0.015117950349400305
5,id_frequency__+split_ball_rat+split_ball_id_+split_ball_rat+split_ball_rat,520.0371723523278,810.2130525105,-0.014907514414748857
5,split_ball_no_+interact+bayesian+split_ball_id_+split_ball_rat,523.5420873450414,809.4405279737371,-0.01562437183061302
4,split_ball_id_+split_ball_rat+mtend+split_ball_rat,523.5176502218719,809.2514205864321,-0.015173742340630542
5,split_ball_id_+split_ball_no_+interact+split_ball_rat+split_ball_rat,520.2170462418887,808.7747300185245,-0.015108450208001917
4,split_ball_id_+mtend+split_ball_rat+split_ball_rat,522.725805814761,808.6432691825629,-0.01524774921919006
3,bayesian+mtend+split_ball_rat,518.3414108704487,808.3971424034053,-0.015768904708660852
4,interact+id_frequency__+split_ball_rat+split_ball_rat,524.853405853909,808.2240993161349,-0.015016813236885779
5,split_ball_no_+interact+split_ball_rat+split_ball_id_+split_ball_rat,516.6939109320201,808.1708444136359,-0.015232121075048621
5,split_ball_id_+split_ball_no_+bayesian+mtend+split_ball_rat,525.703973472258,808.1642036150582,-0.01572890309794364
4,split_ball_no_+bayesian+split_ball_rat+mtend,517.3850892044585,808.1406819299697,-0.015757250807093198
3,split_ball_rat+mtend+split_ball_rat,508.48656999203934,807.7656871241512,-0.015121368303888771
5,split_ball_no_+interact+bayesian+id_frequency__+split_ball_rat,525.9392343385905,807.5727086720774,-0.015604409217020887
2,split_ball_no_+mtend,513.6608979057211,807.5234129469422,-0.015676949919825656
4,interact+id_frequency__+split_ball_rat+split_ball_rat,523.9020788202597,807.4853441062513,-0.015090361707017996
4,split_ball_no_+bayesian+mtend+split_ball_rat,516.4403515227623,807.3648607996641,-0.015830626050610308
4,split_ball_rat+mtend+split_ball_id_+split_ball_rat,518.8405297687493,807.1690300202828,-0.015323317500954864
4,mtend+split_ball_id_+split_ball_rat+split_ball_rat,518.0604515334086,806.5759521174276,-0.015397358736871786
3,split_ball_id_+bayesian+split_ball_rat,531.3166261641022,806.4369426530216,-0.01575515313658732
5,split_ball_id_+split_ball_no_+split_ball_rat+mtend+split_ball_rat,518.2887900068044,806.4191986304037,-0.015334985994284567
5,split_ball_no_+interact+id_frequency__+split_ball_rat+split_ball_rat,519.7806343814837,805.9492800285506,-0.015210973731987265
2,bayesian+split_ball_rat,518.5038512177109,805.8693800834905,-0.01582646579464092
5,split_ball_no_+bayesian+mtend+split_ball_id_+split_ball_rat,521.7142913126693,805.673511503846,-0.015845339194692554
4,split_ball_id_+split_ball_no_+bayesian+split_ball_rat,525.9051567682471,805.3428519985583,-0.015741706644440356
4,id_frequency__+split_ball_rat+mtend+split_ball_rat,522.1113462633209,805.0095257355116,-0.015298976719609197
5,split_ball_no_+split_ball_rat+mtend+split_ball_id_+split_ball_rat,514.6879888428324,804.982639819507,-0.015455452089784716
4,split_ball_id_+split_ball_no_+bayesian+split_ball_rat,525.0274655450249,804.5382422921965,-0.01581497082860106
5,interact+bayesian+split_ball_rat+mtend+split_ball_rat,520.3084831378102,804.4716913223948,-0.015756315397660897
4,id_frequency__+mtend+split_ball_rat+split_ball_rat,521.2894271576896,804.3976929853591,-0.01537297566312526
5,split_ball_no_+bayesian+id_frequency__+mtend+split_ball_rat,523.9190301491336,804.369889600054,-0.015827423672058194
2,bayesian+split_ball_rat,516.7086249966202,804.3626289821804,-0.01597341088734433
5,interact+bayesian+mtend+split_ball_rat+split_ball_rat,519.5867638572827,803.8612086446406,-0.01581510182717555
5,split_ball_id_+split_ball_no_+bayesian+split_ball_id_+split_ball_rat,528.407167983147,803.590365528406,-0.015833382148309788
5,split_ball_no_+id_frequency__+split_ball_rat+mtend+split_ball_rat,517.5789790825224,803.3254992963479,-0.01543635402311222
5,split_ball_id_+split_ball_no_+interact+mtend+split_ball_rat,526.2270272327285,803.0058105852445,-0.015684663159440365
4,split_ball_no_+bayesian+split_ball_rat+split_ball_id_,521.1590226883001,802.831526625003,-0.01588957969565649
4,split_ball_id_+split_ball_rat+split_ball_id_+split_ball_rat,525.7779339433278,802.7229742778585,-0.015300952439027737
3,bayesian+split_ball_id_+split_ball_rat,524.5978102065396,802.2957841887779,-0.01594938944807936
5,split_ball_id_+split_ball_no_+bayesian+id_frequency__+split_ball_rat,531.2088428705564,802.2238388946556,-0.015815402276414564
4,split_ball_no_+interact+split_ball_rat+mtend,518.0043921036659,802.1825116434234,-0.015703760155630964
4,split_ball_id_+split_ball_id_+split_ball_rat+split_ball_rat,525.0638512186989,802.1030920147498,-0.015374883981899512
5,split_ball_id_+interact+bayesian+split_ball_rat+split_ball_rat,527.6221858508401,802.0987119783274,-0.015743501616174105
4,split_ball_no_+bayesian+split_ball_id_+split_ball_rat,520.2930890349066,802.0425851319346,-0.015962878594941443
5,split_ball_id_+interact+bayesian+split_ball_rat+split_ball_rat,526.9430229551286,801.4689418324173,-0.015802216299823535
5,split_ball_no_+interact+mtend+split_ball_id_+split_ball_rat,522.3416182098762,801.4615531656389,-0.01580470176248322
4,split_ball_no_+interact+mtend+split_ball_rat,517.0120938614353,801.3516211593962,-0.015776967588051666
4,split_ball_no_+bayesian+id_frequency__+split_ball_rat,524.4812528395038,801.2370732955021,-0.01586748750253772
3,interact+mtend+split_ball_rat,519.3456681324537,801.1406642104313,-0.015700234553532116
5,split_ball_id_+split_ball_no_+split_ball_rat+split_ball_id_+split_ball_rat,519.9291856687216,801.0323441576705,-0.015436069252406981
5,split_ball_no_+bayesian+id_frequency__+split_ball_id_+split_ball_rat,527.4465111257842,800.632597475115,-0.015935287341566018
3,split_ball_id_+split_ball_rat+split_ball_rat,517.4712537033499,800.6152659452371,-0.015086980218655677
5,interact+bayesian+split_ball_rat+split_ball_id_+split_ball_rat,523.7285116640012,800.5028671532965,-0.015863388930745986
4,split_ball_id_+id_frequency__+split_ball_rat+split_ball_rat,529.9896325337116,800.4650171066107,-0.015276506478949264
4,split_ball_no_+bayesian+id_frequency__+split_ball_rat,523.5740441585923,800.4294410259849,-0.015940744133201873
3,bayesian+id_frequency__+split_ball_rat,528.2311330052747,800.1940324133927,-0.015919814647672448
4,interact+bayesian+split_ball_rat+split_ball_rat,518.9255915219793,799.9159265185796,-0.0158494430938681
5,interact+bayesian+split_ball_id_+split_ball_rat+split_ball_rat,523.0571353177949,799.8830456119155,-0.01592212601265064
4,split_ball_id_+id_frequency__+split_ball_rat+split_ball_rat,529.2342611691536,799.8259507476236,-0.015350395221096907
4,id_frequency__+split_ball_rat+split_ball_id_+split_ball_rat,525.670326769212,799.7985998716816,-0.015431482210327696
2,split_ball_id_+split_ball_no_,528.747216803338,799.4310391630677,-0.015635828751355912
3,split_ball_rat+split_ball_id_+split_ball_rat,511.83360338538097,799.4159635049903,-0.015292425798267645
5,split_ball_no_+interact+id_frequency__+mtend+split_ball_rat,524.6802763898884,799.3205947306569,-0.015783762538174623
5,split_ball_id_+split_ball_no_+id_frequency__+split_ball_rat+split_ball_rat,523.4280765579302,799.3129684579326,-0.01541690299787235
4,id_frequency__+split_ball_id_+split_ball_rat+split_ball_rat,524.9267344565212,799.1733311791261,-0.015505404824902702
5,split_ball_id_+bayesian+split_ball_rat+mtend+split_ball_rat,525.6424968153151,798.9450531577958,-0.015966733793774973
5,split_ball_no_+id_frequency__+split_ball_rat+split_ball_id_+split_ball_rat,520.0583157479289,798.7803724509467,-0.015540824265341396
5,interact+bayesian+id_frequency__+split_ball_rat+split_ball_rat,526.1543014259739,798.5146642614183,-0.01584304745775228
5,split_ball_id_+bayesian+mtend+split_ball_rat+split_ball_rat,525.0457370463923,798.3963633059976,-0.01602573659163789
5,split_ball_id_+split_ball_no_+interact+split_ball_id_+split_ball_rat,528.6411592765438,798.2049157689409,-0.01578824567296866
5,interact+bayesian+id_frequency__+split_ball_rat+split_ball_rat,525.4565376233811,797.8835983874277,-0.015901757630030128
4,split_ball_id_+split_ball_no_+interact+split_ball_rat,525.9040846339658,797.5545567082132,-0.015681184481035004
4,split_ball_id_+split_ball_no_+interact+split_ball_rat,524.9790960517475,796.6951342772921,-0.015754280861752956
5,bayesian+split_ball_rat+mtend+split_ball_id_+split_ball_rat,521.6733694615283,796.5266675687976,-0.016083425521441708
4,split_ball_no_+interact+split_ball_rat+split_ball_id_,521.3219851118778,796.5203987553515,-0.015834691526922434
3,id_frequency__+split_ball_rat+split_ball_rat,517.3787809048647,796.3320287005748,-0.01525955984572211
5,split_ball_id_+split_ball_no_+interact+id_frequency__+split_ball_rat,531.5774059991396,796.0047089068056,-0.015767241960735978
5,bayesian+mtend+split_ball_id_+split_ball_rat+split_ball_rat,521.0841867138938,795.9880393874963,-0.016142450534186753
2,split_ball_no_+split_ball_id_,519.6309923014896,795.961240006271,-0.015937578596477153
3,split_ball_id_+interact+split_ball_rat,531.2377674318469,795.9266986428015,-0.015673989831595042
4,split_ball_no_+interact+split_ball_id_+split_ball_rat,520.4088552186903,795.6758594886426,-0.01590782268163829
4,bayesian+split_ball_rat+mtend+split_ball_rat,516.3764033337181,795.4677292267176,-0.016126406854061553
5,split_ball_no_+interact+id_frequency__+split_ball_id_+split_ball_rat,527.9184329659792,795.3579608008798,-0.015890733831083387
5,split_ball_id_+split_ball_no_+mtend+split_ball_id_+split_ball_rat,526.829014915775,795.1783186474826,-0.016011983550967335
5,bayesian+id_frequency__+split_ball_rat+mtend+split_ball_rat,523.9072806068168,795.100583928754,-0.016065130388451004
5,bayesian+id_frequency__+mtend+split_ball_rat+split_ball_rat,523.2915768028423,794.550105438252,-0.01612412859382842
4,split_ball_id_+split_ball_no_+split_ball_rat+mtend,523.6100817280432,794.461494357046,-0.015963482360044967
3,interact+split_ball_id_+split_ball_rat,524.8042884773985,794.4155196924708,-0.015878242474283266
5,split_ball_id_+bayesian+split_ball_rat+split_ball_id_+split_ball_rat,528.3645937109061,794.3001561642516,-0.01607093295185205
5,split_ball_id_+bayesian+split_ball_id_+split_ball_rat+split_ball_rat,527.8175681692865,793.7433478717448,-0.016129887014998595
4,split_ball_id_+split_ball_no_+mtend+split_ball_rat,522.8147642234004,793.728562613305,-0.016037029045821577
4,split_ball_no_+interact+id_frequency__+split_ball_rat,524.8562047684313,793.6247555696884,-0.01580787557314564
5,split_ball_id_+split_ball_no_+id_frequency__+mtend+split_ball_rat,529.5723510112759,793.5384792626566,-0.015993027329520043
5,split_ball_id_+interact+split_ball_rat+mtend+split_ball_rat,525.9955649295822,793.4871099344765,-0.015921410103993616
3,split_ball_no_+interact+bayesian,520.9467878528384,793.2883205743146,-0.01644766042702528
5,split_ball_id_+interact+mtend+split_ball_rat+split_ball_rat,525.3686930900003,792.9032596380225,-0.01598030578765211
5,split_ball_id_+bayesian+id_frequency__+split_ball_rat+split_ball_rat,531.1927922707627,792.810888058182,-0.016052573097176837
4,split_ball_no_+interact+id_frequency__+split_ball_rat,523.9015841122407,792.7626887701878,-0.01588096414337148
4,split_ball_id_+bayesian+split_ball_rat+split_ball_rat,524.9597395006745,792.4188252807606,-0.01610991474404469
5,split_ball_id_+bayesian+id_frequency__+split_ball_rat+split_ball_rat,530.6195282148041,792.2420110601291,-0.01611150008903997
3,split_ball_id_+mtend+split_ball_rat,528.6148416198122,792.2283247265404,-0.01605222402539791
4,split_ball_no_+split_ball_rat+mtend+split_ball_id_,518.9082938918732,792.1397783026807,-0.016111990405847043
5,split_ball_no_+id_frequency__+mtend+split_ball_id_+split_ball_rat,525.8384076108235,792.0674232125835,-0.016113318516294467
2,split_ball_no_+id_frequency__,526.7773449413094,792.0590401336414,-0.015890904875806827
5,split_ball_no_+interact+bayesian+split_ball_rat+mtend,520.3493312711527,792.0255536821519,-0.0163860513551638
5,interact+split_ball_rat+mtend+split_ball_id_+split_ball_rat,522.1301979151383,792.011464611353,-0.016041703861323447
5,interact+mtend+split_ball_id_+split_ball_rat+split_ball_rat,521.5109538574958,791.437264648498,-0.016100621800467424
4,split_ball_no_+mtend+split_ball_id_+split_ball_rat,518.1244232999483,791.4219377132215,-0.016185571524733627
5,split_ball_no_+interact+bayesian+mtend+split_ball_rat,519.6254088888463,791.3364267756795,-0.01644454365772846
5,bayesian+id_frequency__+split_ball_rat+split_ball_id_+split_ball_rat,527.449747193709,791.2882862675552,-0.016172713009581396
5,bayesian+id_frequency__+split_ball_id_+split_ball_rat+split_ball_rat,526.8840664123364,790.7288214455965,-0.01623166196500006
2,interact+split_ball_rat,517.5094562304472,790.6314001537073,-0.015706389259368903
4,split_ball_no_+id_frequency__+split_ball_rat+mtend,522.1394286323844,790.1195708837961,-0.016088373176260745
4,bayesian+split_ball_rat+split_ball_id_+split_ball_rat,520.2561778756998,790.0328867459061,-0.016258221857955557
3,interact+id_frequency__+split_ball_rat,528.8104686272943,789.9942113441915,-0.015840263938153742
5,interact+id_frequency__+split_ball_rat+mtend+split_ball_rat,524.4981013700411,789.7524371885955,-0.01602038601212119
5,split_ball_id_+split_ball_no_+interact+bayesian+split_ball_rat,527.6476351021576,789.6756354782597,-0.01637342315140003
4,split_ball_no_+id_frequency__+mtend+split_ball_rat,521.3138001201822,789.3830438487793,-0.016161911882678875
5,interact+id_frequency__+mtend+split_ball_rat+split_ball_rat,523.8522274876311,789.1669948721924,-0.016079276970026368
4,interact+split_ball_rat+mtend+split_ball_rat,516.6824842279483,788.9853250196421,-0.01607105305594439
5,split_ball_id_+split_ball_no_+interact+bayesian+split_ball_rat,526.9665478363162,788.9674562861937,-0.016431843794714407
2,interact+split_ball_rat,515.5212324928659,788.9112142105414,-0.01585266669678137
5,split_ball_id_+split_ball_no_+id_frequency__+split_ball_id_+split_ball_rat,532.1080274803492,788.8997253385211,-0.0160971240214349
5,split_ball_id_+interact+split_ball_rat+split_ball_id_+split_ball_rat,528.4291278522369,788.6165565896275,-0.01602471314893264
3,mtend+split_ball_id_+split_ball_rat,521.973385658725,788.4268636578207,-0.016247589384925126
4,bayesian+id_frequency__+split_ball_rat+split_ball_rat,523.5797177273848,788.2285208331896,-0.016235493264999762
5,split_ball_id_+interact+split_ball_id_+split_ball_rat+split_ball_rat,527.8521765958,788.0243167367685,-0.016083560132920033
5,split_ball_no_+interact+bayesian+split_ball_rat+split_ball_id_,523.7383292312381,787.9261176487851,-0.01649262758764436
4,split_ball_id_+split_ball_no_+split_ball_rat+split_ball_id_,525.8218613163557,787.7482210298825,-0.01608992922480046
4,interact+bayesian+mtend+split_ball_rat,519.4241315344627,787.3292488485339,-0.016548735637221534
5,split_ball_no_+interact+bayesian+split_ball_id_+split_ball_rat,523.064864816225,787.2278955563528,-0.01655107066684
3,split_ball_no_+bayesian+mtend,518.3229918183985,787.0697136100557,-0.016815277387558614
4,split_ball_id_+split_ball_no_+split_ball_id_+split_ball_rat,525.1045383519947,787.0040045744208,-0.016163400840881914
5,split_ball_id_+split_ball_no_+bayesian+split_ball_rat+mtend,525.6839331198138,786.3431659586806,-0.01659559545144293
5,split_ball_id_+interact+id_frequency__+split_ball_rat+split_ball_rat,531.3919774739162,786.2979709452933,-0.016003330478661232
5,split_ball_no_+interact+bayesian+id_frequency__+split_ball_rat,526.1390241159347,786.0296405610811,-0.016472750223259003
5,interact+id_frequency__+split_ball_rat+split_ball_id_+split_ball_rat,527.751783967767,785.7162179041311,-0.016127076652284078
5,split_ball_id_+split_ball_no_+bayesian+mtend+split_ball_rat,525.0850349410641,785.7153623793578,-0.01665430403324511
5,split_ball_id_+interact+id_frequency__+split_ball_rat+split_ball_rat,530.7886778789795,785.6942648405529,-0.016062150222929394
4,split_ball_id_+split_ball_no_+id_frequency__+split_ball_rat,529.9935990708216,785.6315427683169,-0.016066207344255012
3,id_frequency__+mtend+split_ball_rat,525.4467924638351,785.5690963715966,-0.016215303865642627
5,split_ball_id_+split_ball_rat+mtend+split_ball_id_+split_ball_rat,526.39027450061,785.3845959485573,-0.016247524446843742
4,split_ball_id_+interact+bayesian+split_ball_rat,529.58715148691,785.3398263652056,-0.016536810293742016
5,split_ball_no_+interact+bayesian+id_frequency__+split_ball_rat,525.4392154696696,785.3202052387264,-0.016531166336515635
3,split_ball_id_+split_ball_no_+bayesian,531.2554405106696,785.139677950708,-0.016802019469124713
5,interact+id_frequency__+split_ball_id_+split_ball_rat+split_ball_rat,527.1561200288155,785.1215186694516,-0.016185918391582843
5,split_ball_id_+mtend+split_ball_id_+split_ball_rat+split_ball_rat,525.8950656313766,784.8726774549841,-0.016306658941513036
4,split_ball_id_+split_ball_no_+id_frequency__+split_ball_rat,529.2350685747072,784.86821768885,-0.016139636036719307
4,split_ball_no_+id_frequency__+split_ball_rat+split_ball_id_,525.6491782756223,784.7078731200163,-0.0162201053208616
4,split_ball_id_+interact+split_ball_rat+split_ball_rat,524.6477353559875,784.1163348847547,-0.016047531374430185
4,split_ball_no_+id_frequency__+split_ball_id_+split_ball_rat,524.9021091566885,783.9583750891333,-0.01629356794704609
5,split_ball_no_+bayesian+split_ball_rat+mtend+split_ball_id_,521.6989787074189,783.7799778323551,-0.016711609692779017
2,split_ball_rat+mtend,513.2911747362967,783.7180188105531,-0.01626826305409368
3,split_ball_id_+split_ball_id_+split_ball_rat,532.1365242152542,783.6287977793232,-0.016222249186901405
5,split_ball_id_+id_frequency__+split_ball_rat+mtend+split_ball_rat,529.1607570720557,783.6243410400012,-0.016228188469365218
4,interact+split_ball_rat+split_ball_id_+split_ball_rat,520.1073152587887,783.199716279015,-0.016201471440464243
5,split_ball_no_+bayesian+mtend+split_ball_id_+split_ball_rat,521.1074945465022,783.1622419998018,-0.016770340531167355
5,split_ball_id_+id_frequency__+mtend+split_ball_rat+split_ball_rat,528.6390637726956,783.1003610833998,-0.016287295813538633
4,interact+bayesian+split_ball_id_+split_ball_rat,524.4496972666713,782.7969159344028,-0.016684455725769043
2,mtend+split_ball_rat,511.81982128090107,782.4943206007351,-0.01641633599853956
5,split_ball_no_+bayesian+id_frequency__+split_ball_rat+mtend,523.9080951950803,782.4394071413665,-0.016693775219178975
5,id_frequency__+split_ball_rat+mtend+split_ball_id_+split_ball_rat,525.4461578933167,782.2216178189012,-0.01634873484072566
5,split_ball_no_+bayesian+id_frequency__+mtend+split_ball_rat,523.2901336379325,781.8098543110219,-0.016752479188513303
5,id_frequency__+mtend+split_ball_id_+split_ball_rat+split_ball_rat,524.9318894294586,781.7067542535083,-0.016407864003895073
5,split_ball_id_+split_ball_no_+bayesian+split_ball_rat+split_ball_id_,528.3750524196273,781.5747940616458,-0.01669930199572392
5,interact+bayesian+split_ball_rat+mtend+split_ball_rat,519.1058825879225,781.4591141540594,-0.01668003630008849
4,split_ball_id_+bayesian+mtend+split_ball_rat,527.3389263171669,781.1516639498972,-0.016814419675728526
5,split_ball_id_+split_ball_no_+interact+split_ball_rat+mtend,526.0655544819692,780.976233734254,-0.0165510161104922
5,split_ball_id_+split_ball_no_+bayesian+split_ball_id_+split_ball_rat,527.8260057891005,780.9391070025873,-0.016757961975137486
4,split_ball_id_+split_ball_rat+mtend+split_ball_rat,522.1250138297772,780.8304489322682,-0.016328835443391698
3,split_ball_no_+bayesian+split_ball_id_,524.4930118125102,780.6000669599244,-0.016994376553257445
3,split_ball_id_+id_frequency__+split_ball_rat,537.2571053993913,780.5961801816696,-0.01618978066201321
5,split_ball_id_+split_ball_no_+interact+mtend+split_ball_rat,525.4365898266,780.3136132853106,-0.01660961751906323
4,interact+bayesian+id_frequency__+split_ball_rat,526.9326692832755,780.2450883894086,-0.016658850919485213
5,split_ball_id_+split_ball_no_+bayesian+id_frequency__+split_ball_rat,531.178317127734,780.1720246388034,-0.016681403081954593
4,interact+id_frequency__+split_ball_rat+split_ball_rat,523.6427842420954,780.1037917853026,-0.016174020838185005
3,split_ball_no_+interact+mtend,519.4060148845381,780.0333956050509,-0.016748653356935844
5,split_ball_id_+split_ball_no_+bayesian+id_frequency__+split_ball_rat,530.6030748798762,779.5243051073486,-0.016740035927250402
5,split_ball_no_+interact+split_ball_rat+mtend+split_ball_id_,522.1844925561214,779.345647709695,-0.016670626317683818
3,id_frequency__+split_ball_id_+split_ball_rat,531.24143599117,779.2772356565503,-0.016394725908102065
5,split_ball_id_+interact+bayesian+split_ball_rat+split_ball_rat,526.4417591912984,778.9495293668458,-0.016666801518359864
5,split_ball_id_+id_frequency__+split_ball_rat+split_ball_id_+split_ball_rat,531.7157354704838,778.9160437328358,-0.016332006313787367
3,split_ball_no_+bayesian+id_frequency__,528.0581363517612,778.7310717475626,-0.0169660786536992
5,split_ball_no_+interact+mtend+split_ball_id_+split_ball_rat,521.5629923463027,778.6926869637667,-0.016729250017835345
4,split_ball_rat+mtend+split_ball_id_+split_ball_rat,517.4655962546404,778.6329217438825,-0.01647777795247249
5,split_ball_no_+bayesian+id_frequency__+split_ball_rat+split_ball_id_,527.4192154962166,778.4955290974116,-0.0168008599965547
5,split_ball_id_+id_frequency__+split_ball_id_+split_ball_rat+split_ball_rat,531.2436554137046,778.3840208645198,-0.016391065060351262
5,split_ball_no_+bayesian+id_frequency__+split_ball_id_+split_ball_rat,526.8513941649178,777.8572326138544,-0.016859514841242845
3,interact+bayesian+split_ball_rat,520.5575372924543,777.8313694389637,-0.01684437150245441
4,bayesian+mtend+split_ball_id_+split_ball_rat,522.0856433308941,777.3406892003121,-0.016957084114587267
5,interact+bayesian+split_ball_rat+split_ball_id_+split_ball_rat,522.5599334068964,777.2784181788172,-0.0167862833866603
5,split_ball_no_+interact+id_frequency__+split_ball_rat+mtend,524.5273418318486,777.18067869742,-0.016649773650981498
3,interact+bayesian+split_ball_rat,519.4260008266505,776.629506385973,-0.01694171541066561
5,split_ball_no_+interact+id_frequency__+mtend+split_ball_rat,523.8792543454829,776.5165060129253,-0.016708370315674875
4,id_frequency__+split_ball_rat+mtend+split_ball_rat,520.6987654222228,776.4073258328508,-0.016453524658413182
5,split_ball_id_+split_ball_no_+interact+split_ball_rat+split_ball_id_,528.4682717364931,775.9843235831565,-0.01665382795417633
4,bayesian+id_frequency__+mtend+split_ball_rat,524.2727025322802,775.6588706813839,-0.016934672288134084
4,split_ball_id_+bayesian+split_ball_id_+split_ball_rat,531.289755389397,775.5729304298243,-0.016945651950850904
5,split_ball_id_+bayesian+split_ball_rat+mtend+split_ball_rat,524.3337525774106,775.4936067855045,-0.016888336134988385
5,split_ball_id_+split_ball_no_+interact+split_ball_id_+split_ball_rat,527.8893444312982,775.3135482984286,-0.01671238079390383
5,interact+bayesian+id_frequency__+split_ball_rat+split_ball_rat,524.9628891917047,775.2522702394571,-0.016765999759419475
3,split_ball_id_+split_ball_no_+interact,531.2553378021612,774.9061825089054,-0.01672293697534638
2,split_ball_id_+split_ball_rat,528.3827647806993,774.7656962144189,-0.01622380249809338
4,split_ball_id_+interact+mtend+split_ball_rat,527.8823760747065,774.6397189618671,-0.01675962783126894
4,split_ball_id_+split_ball_rat+split_ball_id_+split_ball_rat,524.4501788071343,774.0037775124664,-0.016454774176123954
4,split_ball_id_+bayesian+id_frequency__+split_ball_rat,534.3918313766904,773.792359578418,-0.016923141662121638
5,split_ball_id_+split_ball_no_+interact+id_frequency__+split_ball_rat,531.4059251220859,773.7607899301224,-0.01663291076019538
2,split_ball_id_+split_ball_rat,527.1781415596255,773.4365911593932,-0.016371437400319155
5,split_ball_id_+split_ball_no_+interact+id_frequency__+split_ball_rat,530.8006912633334,773.0785817150477,-0.016691436304756002
5,split_ball_no_+interact+id_frequency__+split_ball_rat+split_ball_id_,527.749807730693,773.0149723478074,-0.01675596786200928
5,bayesian+split_ball_rat+mtend+split_ball_id_+split_ball_rat,520.3766318922499,773.0122431830578,-0.01700462853674875
3,split_ball_no_+interact+split_ball_id_,524.7788596335123,772.949628794295,-0.016925282248846374
5,split_ball_id_+split_ball_no_+split_ball_rat+mtend+split_ball_id_,526.4451700454975,772.5742687406889,-0.016875579434768084
5,split_ball_no_+interact+id_frequency__+split_ball_id_+split_ball_rat,527.1520468351221,772.3417852234182,-0.01681451543191048
4,interact+mtend+split_ball_id_+split_ball_rat,522.7883854849736,772.2827946177291,-0.016907907107902354
5,split_ball_id_+split_ball_no_+mtend+split_ball_id_+split_ball_rat,525.9477719528504,771.983112967567,-0.01693441960805739
2,split_ball_rat+split_ball_id_,519.3871390137383,771.7155735244673,-0.01652714480412587
4,split_ball_id_+id_frequency__+split_ball_rat+split_ball_rat,528.6194006897338,771.6807250643166,-0.01643041505542661
5,bayesian+id_frequency__+split_ball_rat+mtend+split_ball_rat,522.588400912094,771.5393688769723,-0.01698638709431169
4,bayesian+id_frequency__+split_ball_id_+split_ball_rat,529.486379279076,771.3627488141639,-0.017071181420736714
3,bayesian+split_ball_rat+mtend,517.3052266003508,771.0358717466503,-0.01720940469901075
5,split_ball_id_+split_ball_no_+id_frequency__+split_ball_rat+mtend,529.1907557808173,770.902847185706,-0.01685670546927065
4,id_frequency__+split_ball_rat+split_ball_id_+split_ball_rat,524.3149086000765,770.8730650457962,-0.016584745195352302
3,split_ball_id_+split_ball_no_+mtend,528.6768646164286,770.6858342942602,-0.01709821255650734
5,split_ball_id_+bayesian+split_ball_rat+split_ball_id_+split_ball_rat,527.0930807766083,770.6491952164663,-0.016991715992162454
4,split_ball_no_+interact+bayesian+mtend,519.4311617663816,770.595358185766,-0.01733134807933631
2,split_ball_id_+split_ball_rat,518.2283913464757,770.4437433071475,-0.016674915356929387
5,split_ball_id_+split_ball_no_+id_frequency__+mtend+split_ball_rat,528.6669154780932,770.2996655139071,-0.01691551843138453
3,bayesian+mtend+split_ball_rat,516.4000022637726,770.0534355033594,-0.017307546222341347
5,split_ball_id_+interact+split_ball_rat+mtend+split_ball_rat,524.5172114884289,769.7981042692925,-0.016842565901813294
5,split_ball_no_+id_frequency__+split_ball_rat+mtend+split_ball_id_,525.4600359609562,769.3449634378013,-0.016976568167741485
4,interact+id_frequency__+mtend+split_ball_rat,525.1820231771176,769.3133639601002,-0.016880778902563925
5,split_ball_id_+bayesian+id_frequency__+split_ball_rat+split_ball_rat,529.8966660970627,769.1136322668713,-0.016973409475024265
3,split_ball_no_+interact+id_frequency__,528.7156267982484,768.8006049092033,-0.016888601647063045
5,split_ball_no_+id_frequency__+mtend+split_ball_id_+split_ball_rat,524.9434584995938,768.75090990699,-0.01703540298315126
5,split_ball_id_+interact+bayesian+mtend+split_ball_rat,526.0869443354687,768.7341125634406,-0.01722595085068304
4,split_ball_id_+interact+split_ball_id_+split_ball_rat,531.3896487669334,768.7142266189495,-0.016889465198973858
3,split_ball_id_+bayesian+split_ball_rat,530.2190370768178,768.7035579387325,-0.017194660199834094
4,split_ball_id_+split_ball_no_+interact+bayesian,529.5703723709355,768.6298787351053,-0.01731970264147145
5,interact+split_ball_rat+mtend+split_ball_id_+split_ball_rat,520.6635264659365,768.245329309969,-0.01696245372105884
3,split_ball_id_+bayesian+split_ball_rat,529.4315600950728,767.6692836524945,-0.017292603450879906
5,bayesian+id_frequency__+split_ball_rat+split_ball_id_+split_ball_rat,526.1641519311299,767.5147349322731,-0.017093143410633727
2,id_frequency__+split_ball_rat,526.7008472542911,767.0638915812211,-0.016478099235734178
3,split_ball_no_+mtend+split_ball_id_,521.9915100443507,766.4800859966236,-0.0172916955843134
5,interact+bayesian+mtend+split_ball_id_+split_ball_rat,521.856971337975,766.1578866143936,-0.017341822803987633
5,split_ball_id_+split_ball_no_+id_frequency__+split_ball_rat+split_ball_id_,531.7145660200251,766.0721848641972,-0.016960031591499614
5,interact+id_frequency__+split_ball_rat+mtend+split_ball_rat,523.008994901053,765.9529723546665,-0.016941195010463844
4,split_ball_no_+interact+bayesian+split_ball_id_,524.4085318811486,765.8555473721518,-0.017466287368039568
2,id_frequency__+split_ball_rat,525.3761230209263,765.7165997835502,-0.01662569978576592
4,split_ball_id_+interact+id_frequency__+split_ball_rat,534.6995216857997,765.6532202304445,-0.01686223830374642
5,split_ball_id_+split_ball_no_+id_frequency__+split_ball_id_+split_ball_rat,531.2404578888375,765.4611940173472,-0.017018796087845844
5,split_ball_id_+interact+split_ball_rat+split_ball_id_+split_ball_rat,526.9888399210831,764.7312549779128,-0.016945051546325807
4,interact+id_frequency__+split_ball_id_+split_ball_rat,529.9516031977424,764.6737528826719,-0.017015901253138926
5,split_ball_id_+interact+bayesian+split_ball_id_+split_ball_rat,529.5820486304282,764.4621843567068,-0.017331824987735805
4,split_ball_id_+mtend+split_ball_id_+split_ball_rat,529.0504734874246,764.3982603300902,-0.017166410790476483
3,bayesian+split_ball_rat+split_ball_id_,523.5135754126818,764.3620104288318,-0.017387725543776378
5,interact+bayesian+id_frequency__+mtend+split_ball_rat,523.5407339846176,764.2102947789997,-0.017321741169060267
4,split_ball_id_+split_ball_no_+bayesian+mtend,527.3470471728103,764.1679207770812,-0.017595663540783735
3,split_ball_no_+id_frequency__+mtend,525.3968996370539,763.86582096305,-0.017260691948273732
4,split_ball_no_+interact+bayesian+id_frequency__,526.8534629287336,763.44630145736,-0.017441406296144712
3,bayesian+split_ball_id_+split_ball_rat,522.7468847655126,763.3555680198856,-0.01748573038969875
3,interact+split_ball_rat+mtend,517.9225186793923,763.1704585485788,-0.017139771710929147
5,split_ball_id_+interact+bayesian+id_frequency__+split_ball_rat,531.8476945400774,762.4549952498505,-0.017311681850143895
5,split_ball_id_+interact+id_frequency__+split_ball_rat+split_ball_rat,529.926785810575,762.3798074399724,-0.01692372771772563
4,split_ball_id_+id_frequency__+mtend+split_ball_rat,532.0635072055269,762.199768922911,-0.01714237757764947
3,bayesian+id_frequency__+split_ball_rat,527.1593950852749,762.1556453710543,-0.017358372349450257
3,interact+mtend+split_ball_rat,516.9330376811554,762.0934887775599,-0.017237617033238672
3,split_ball_id_+split_ball_no_+split_ball_id_,532.1130183634559,761.7606004659217,-0.017266880502575438
5,interact+id_frequency__+split_ball_rat+split_ball_id_+split_ball_rat,526.2968063127315,761.7076313837456,-0.017047061217019127
5,split_ball_id_+split_ball_rat+mtend+split_ball_id_+split_ball_rat,524.8219487925976,761.2040509346052,-0.017166169882763094
3,bayesian+id_frequency__+split_ball_rat,526.3199358547465,761.1164152290572,-0.01745630297065301
5,interact+bayesian+id_frequency__+split_ball_id_+split_ball_rat,527.8378486601509,760.7550586048784,-0.017430993161823283
5,split_ball_id_+bayesian+mtend+split_ball_id_+split_ball_rat,527.5935550828392,760.3644353110894,-0.017550586945385777
4,split_ball_no_+bayesian+mtend+split_ball_id_,522.0690000429795,760.1426546250844,-0.017737277965103326
4,id_frequency__+mtend+split_ball_id_+split_ball_rat,527.2017762463332,759.9554973266697,-0.01729105123112601
5,split_ball_id_+id_frequency__+split_ball_rat+mtend+split_ball_rat,527.5682301815632,759.4021353398706,-0.01714688851787266
3,split_ball_id_+split_ball_no_+id_frequency__,537.1649278001045,758.9760909825882,-0.017235695180772087
5,split_ball_id_+bayesian+id_frequency__+mtend+split_ball_rat,529.6707865449557,758.9065629698632,-0.017532484104407053
4,split_ball_no_+bayesian+id_frequency__+mtend,524.2186056443887,758.5913826288038,-0.017715583035915722
4,split_ball_id_+split_ball_no_+bayesian+split_ball_id_,531.2497873182442,758.3955559852584,-0.017726124263392096
4,interact+bayesian+split_ball_rat+mtend,518.1273636048033,758.0514239358238,-0.017625224178839077
5,id_frequency__+split_ball_rat+mtend+split_ball_id_+split_ball_rat,523.8639970750359,757.9212611872332,-0.017267028407149193
4,split_ball_id_+split_ball_no_+interact+mtend,527.934105564798,757.7918533872463,-0.017542025613067364
3,split_ball_id_+interact+split_ball_rat,529.757991482438,757.6642662899591,-0.01711257331256061
3,split_ball_no_+id_frequency__+split_ball_id_,531.1043030454598,757.2108720063642,-0.017438732420114733
4,interact+bayesian+mtend+split_ball_rat,517.4293667599694,757.2004943238842,-0.017698449331890298
4,split_ball_id_+split_ball_no_+bayesian+id_frequency__,534.3141420032227,756.7474140550589,-0.017704331448009092
3,split_ball_id_+interact+split_ball_rat,528.886891271152,756.5360969528645,-0.017210220342958438
4,split_ball_id_+id_frequency__+split_ball_id_+split_ball_rat,535.756959049627,756.5216767866257,-0.01727301513692453
5,bayesian+id_frequency__+mtend+split_ball_id_+split_ball_rat,525.5882822124081,756.4044760671961,-0.017648610292157446
3,interact+split_ball_rat+split_ball_id_,523.3361401254077,755.8889836297489,-0.017315624202141472
4,split_ball_id_+interact+bayesian+split_ball_rat,528.2522651897436,755.8638819180619,-0.01761274368854107
5,split_ball_id_+interact+mtend+split_ball_id_+split_ball_rat,528.0304304655425,755.5763088526124,-0.017508766777207252
4,split_ball_no_+interact+mtend+split_ball_id_,522.8156084563618,755.2010605182735,-0.01768924284805376
4,split_ball_id_+interact+bayesian+split_ball_rat,527.6205557563918,754.9826724138509,-0.017685856280063528
5,split_ball_id_+split_ball_no_+interact+bayesian+mtend,526.1028424502379,754.8414024686201,-0.0178501266347052
5,split_ball_id_+bayesian+id_frequency__+split_ball_id_+split_ball_rat,533.2849715378285,754.7886884526566,-0.017638866451597346
3,interact+split_ball_id_+split_ball_rat,522.4860630802741,754.7867494364202,-0.01741333298560488
5,split_ball_id_+id_frequency__+split_ball_rat+split_ball_id_+split_ball_rat,530.1605197810421,754.4969850788452,-0.01724988916446174
4,split_ball_no_+bayesian+id_frequency__+split_ball_id_,529.3834787510998,754.0859580613458,-0.017851310259419384
5,split_ball_id_+interact+id_frequency__+mtend+split_ball_rat,530.2392798832267,753.3045873290289,-0.01748764949668205
4,interact+bayesian+split_ball_rat+split_ball_id_,523.1224242125077,753.1970727163717,-0.017759725915167224
3,split_ball_id_+split_ball_rat+mtend,526.5540422230152,752.8849281402405,-0.01748528424194154
4,split_ball_no_+interact+id_frequency__+mtend,525.171287325743,752.3787169777974,-0.017662840529600765
4,interact+bayesian+split_ball_id_+split_ball_rat,522.5026161204682,752.3313710226964,-0.017832873604846616
5,split_ball_no_+interact+bayesian+mtend+split_ball_id_,521.857125507219,752.1230464813899,-0.01796532381175628
3,split_ball_id_+mtend+split_ball_rat,525.9071624341138,751.9721875563267,-0.017583726895341018
5,interact+id_frequency__+mtend+split_ball_id_+split_ball_rat,526.2573586191311,751.7214242089066,-0.01760736597032872
4,split_ball_id_+split_ball_no_+interact+split_ball_id_,531.3935475212195,751.6768014655283,-0.017671094230807954
3,interact+id_frequency__+split_ball_rat,527.3539501074454,751.4226205853514,-0.017277893323394022
4,split_ball_id_+bayesian+split_ball_rat+mtend,525.6810096124887,751.0872485943287,-0.017887258981180626
4,interact+bayesian+id_frequency__+split_ball_rat,525.6146583644927,750.6053358356857,-0.01773425301351536
5,split_ball_id_+split_ball_no_+interact+bayesian+split_ball_id_,529.5673073462126,750.4436496665545,-0.017955505274672406
4,split_ball_id_+bayesian+mtend+split_ball_rat,525.1747685319441,750.327443969534,-0.017960819269605605
3,interact+id_frequency__+split_ball_rat,526.430571807257,750.2904000650678,-0.017375527139017355
5,split_ball_no_+interact+bayesian+id_frequency__+mtend,523.5169661550021,750.2649974944763,-0.01794570399543774
4,interact+bayesian+id_frequency__+split_ball_rat,524.9539685497906,749.7226002699753,-0.01780735899751862
5,split_ball_id_+interact+id_frequency__+split_ball_id_+split_ball_rat,533.57130607673,748.9680224916806,-0.01759314264195036
3,split_ball_rat+mtend+split_ball_id_,519.9258863684886,748.8756340901848,-0.0176794772528423
4,split_ball_id_+split_ball_no_+interact+id_frequency__,534.6651868667451,748.7647830020317,-0.01764459382962466
5,split_ball_id_+split_ball_no_+interact+bayesian+id_frequency__,531.8088939142318,748.5269561674723,-0.017935824270124273
3,mtend+split_ball_id_+split_ball_rat,519.2990668097531,747.9893838426399,-0.01777798080829396
4,split_ball_no_+interact+id_frequency__+split_ball_id_,529.8923161208502,747.5338150365052,-0.017797183776870645
4,bayesian+split_ball_rat+mtend+split_ball_id_,520.4360463815783,747.1759408184231,-0.018029272718937894
4,split_ball_id_+split_ball_no_+mtend+split_ball_id_,529.0788173262007,747.0884822477153,-0.017946391445559956
5,split_ball_no_+interact+bayesian+id_frequency__+split_ball_id_,527.7830753691482,746.6759188315852,-0.018054455165426836
4,bayesian+mtend+split_ball_id_+split_ball_rat,519.9413039267631,746.4318818641402,-0.01810286773964198
5,split_ball_id_+split_ball_no_+bayesian+mtend+split_ball_id_,527.5944790507525,746.1789238181304,-0.01817321836358532
3,id_frequency__+split_ball_rat+mtend,523.4147322790039,745.9346491499707,-0.017647419574383844
4,bayesian+id_frequency__+split_ball_rat+mtend,522.6339475925989,745.4382044523977,-0.01800698439701867
5,split_ball_id_+id_frequency__+mtend+split_ball_id_+split_ball_rat,531.3368776448168,745.3414504417166,-0.017813521362075674
4,split_ball_id_+bayesian+split_ball_rat+split_ball_id_,529.6087551283191,745.2081859952831,-0.018017285759324847
4,split_ball_id_+split_ball_no_+id_frequency__+mtend,532.0542028565578,745.0269303783008,-0.01792307785165892
3,id_frequency__+mtend+split_ball_rat,522.7140274541298,745.0156659253304,-0.017745848523288393
5,split_ball_id_+split_ball_no_+bayesian+id_frequency__+mtend,529.6479506463725,744.805412603744,-0.018155574119198492
4,bayesian+id_frequency__+mtend+split_ball_rat,522.0980806836528,744.6759274334025,-0.01808053789030073
4,split_ball_id_+bayesian+split_ball_id_+split_ball_rat,529.179539412894,744.4359784528621,-0.018090769806133083
4,split_ball_id_+interact+split_ball_rat+mtend,526.00892146768,744.2568265138783,-0.017831930391976225
5,split_ball_id_+interact+bayesian+split_ball_rat+mtend,524.5716952699153,744.218793170659,-0.018082942834055288
3,split_ball_id_+split_ball_rat+split_ball_id_,530.0481997053241,743.7802863553111,-0.017653184539578648
5,split_ball_id_+interact+bayesian+mtend+split_ball_rat,524.1268324731374,743.5416988821553,-0.018141554513452507
4,split_ball_id_+interact+mtend+split_ball_rat,525.4559643957157,743.444201148713,-0.01790532421029739
4,split_ball_id_+bayesian+id_frequency__+split_ball_rat,532.7163404255986,743.3730774445646,-0.017994898782397323
3,split_ball_id_+split_ball_id_+split_ball_rat,529.538015972042,742.8478913351078,-0.01775149354295394
4,split_ball_id_+bayesian+id_frequency__+split_ball_rat,532.2465289030798,742.5822282090655,-0.018068340783854026
4,split_ball_no_+id_frequency__+mtend+split_ball_id_,527.1671384150634,742.548368263396,-0.01807068921362176
5,split_ball_no_+bayesian+id_frequency__+mtend+split_ball_id_,525.5492792835104,742.1609656272366,-0.01827102541155934
4,interact+split_ball_rat+mtend+split_ball_id_,520.9225235098925,741.7729398268568,-0.017979545782193046
5,interact+bayesian+split_ball_rat+mtend+split_ball_id_,520.3469960625262,741.5710657381891,-0.0181983949848806
5,split_ball_id_+split_ball_no_+interact+mtend+split_ball_id_,528.0591300376614,741.4723454007066,-0.018132131720605543
4,interact+mtend+split_ball_id_+split_ball_rat,520.3811619906907,740.9752488213628,-0.018052974409004607
5,interact+bayesian+mtend+split_ball_id_+split_ball_rat,519.909623517123,740.9039548754937,-0.018257029118115525
4,bayesian+id_frequency__+split_ball_rat+split_ball_id_,527.8163364504262,740.8185832319392,-0.01814227516502126
3,split_ball_id_+id_frequency__+split_ball_rat,535.171603409934,740.6678052998105,-0.017620943493452307
5,split_ball_id_+split_ball_no_+bayesian+id_frequency__+split_ball_id_,533.23118117522,740.5607578301665,-0.018261460412210412
4,bayesian+id_frequency__+split_ball_id_+split_ball_rat,527.3580331254468,740.0422119860473,-0.018215751403280328
5,split_ball_id_+interact+bayesian+split_ball_rat+split_ball_id_,528.0497543543206,739.7518886063548,-0.01818804338556254
3,split_ball_id_+id_frequency__+split_ball_rat,534.5887708089303,739.7016666864764,-0.01771917668244627
5,interact+bayesian+id_frequency__+split_ball_rat+mtend,522.0383408050088,739.5969609223396,-0.018178396308403066
5,split_ball_id_+split_ball_no_+interact+id_frequency__+mtend,530.2439602435261,739.2934196728373,-0.018111477687460742
4,split_ball_id_+split_ball_no_+id_frequency__+split_ball_id_,535.6991993990868,739.157357228104,-0.018052945605243065
3,id_frequency__+split_ball_rat+split_ball_id_,529.1624212588664,739.0827072553785,-0.017824686327265
5,split_ball_id_+interact+bayesian+split_ball_id_+split_ball_rat,527.6544323733812,739.0660657518366,-0.018246605891559187
5,interact+bayesian+id_frequency__+mtend+split_ball_rat,521.5747006299675,738.9188862151785,-0.018237003858897705
4,interact+id_frequency__+split_ball_rat+mtend,523.3266393407155,738.7725248984234,-0.017952552254162868
3,id_frequency__+split_ball_id_+split_ball_rat,528.59967156621,738.1400318184683,-0.01792297925770925
4,split_ball_id_+interact+split_ball_rat+split_ball_id_,529.494371569672,738.0377651786451,-0.017960565950777663
4,interact+id_frequency__+mtend+split_ball_rat,522.7439323775674,737.9578159899758,-0.01802593902845387
5,split_ball_id_+interact+bayesian+id_frequency__+split_ball_rat,530.3202524273853,737.7188596847883,-0.018167983148032585
5,split_ball_no_+interact+id_frequency__+mtend+split_ball_id_,526.2460040011518,737.5579080621586,-0.018230513049408176
4,split_ball_id_+interact+split_ball_id_+split_ball_rat,529.0188045085409,737.2122047849649,-0.018033883586655336
5,split_ball_id_+interact+bayesian+id_frequency__+split_ball_rat,529.8989345707383,737.0218514425653,-0.01822651880894466
5,interact+bayesian+id_frequency__+split_ball_rat+split_ball_id_,526.3142170115698,735.9348866945226,-0.01828686809277469
5,split_ball_id_+bayesian+split_ball_rat+mtend+split_ball_id_,525.8569101375232,735.2927361169881,-0.01840483528444664
5,interact+bayesian+id_frequency__+split_ball_id_+split_ball_rat,525.9003959246722,735.247221793811,-0.0183454259431641
4,split_ball_id_+interact+id_frequency__+split_ball_rat,532.8093984388049,734.9470984894801,-0.01793347366473888
5,split_ball_id_+split_ball_no_+interact+id_frequency__+split_ball_id_,533.5451628800892,734.8321327331098,-0.018216476227308875
5,split_ball_id_+bayesian+mtend+split_ball_id_+split_ball_rat,525.5409929494471,734.6839647699999,-0.018463683753543958
4,split_ball_id_+interact+id_frequency__+split_ball_rat,532.2930119818215,734.1040831522538,-0.01800674894322951
4,interact+id_frequency__+split_ball_rat+split_ball_id_,528.0662159313665,733.8161640647601,-0.01808645986470611
5,split_ball_id_+bayesian+id_frequency__+split_ball_rat+mtend,527.9398075433206,733.8008920312556,-0.018386810968648304
5,split_ball_id_+bayesian+id_frequency__+mtend+split_ball_rat,527.5977688233735,733.1803320308805,-0.018445632679097324
4,split_ball_id_+split_ball_rat+mtend+split_ball_id_,526.8339847957049,733.1485054866804,-0.01823442764425215
4,interact+id_frequency__+split_ball_id_+split_ball_rat,527.5614385228611,732.9868303355025,-0.01815976943433778
4,split_ball_id_+mtend+split_ball_id_+split_ball_rat,526.4826300567904,732.4429106463804,-0.018308191766208848
5,bayesian+id_frequency__+split_ball_rat+mtend+split_ball_id_,523.8614708039546,731.2267680452012,-0.01850251728716626
5,split_ball_id_+split_ball_no_+id_frequency__+mtend+split_ball_id_,531.3264646935156,731.0331783948909,-0.01843580261166658
4,split_ball_id_+id_frequency__+split_ball_rat+mtend,529.853784587353,730.9044343598026,-0.01821052049085331
5,bayesian+id_frequency__+mtend+split_ball_id_+split_ball_rat,523.5267224528051,730.6156706917033,-0.018561361004957116
5,split_ball_id_+interact+split_ball_rat+mtend+split_ball_id_,526.1562831952671,730.2963488490687,-0.01836266678975476
4,split_ball_id_+id_frequency__+mtend+split_ball_rat,529.4613616249833,730.1802269245816,-0.018284242402697104
5,split_ball_id_+interact+mtend+split_ball_id_+split_ball_rat,525.8107738456141,729.6534921656938,-0.018421408811346074
5,split_ball_id_+bayesian+id_frequency__+split_ball_rat+split_ball_id_,531.5365305058939,729.4872273340691,-0.018492419759746553
5,split_ball_id_+bayesian+id_frequency__+split_ball_id_+split_ball_rat,531.2437207804167,728.8582844269254,-0.018551192404402506
4,id_frequency__+split_ball_rat+mtend+split_ball_id_,524.9974842194582,728.5322289838914,-0.01835853005817259
5,split_ball_id_+interact+id_frequency__+split_ball_rat+mtend,528.3706163195734,728.0033391809715,-0.01834163386131732
4,id_frequency__+mtend+split_ball_id_+split_ball_rat,524.6162644309549,727.8219321523504,-0.01843228591301363
5,split_ball_id_+interact+id_frequency__+mtend+split_ball_rat,527.9988723661755,727.3493084637095,-0.01840034895965348
5,interact+id_frequency__+split_ball_rat+mtend+split_ball_id_,524.3924969090541,726.3346005785487,-0.01846092357790774
5,interact+id_frequency__+mtend+split_ball_id_+split_ball_rat,524.028093647122,725.6896198038154,-0.018519660716508762
4,split_ball_id_+id_frequency__+split_ball_rat+split_ball_id_,533.5245602998361,724.9310806997089,-0.018339956367283805
4,split_ball_id_+id_frequency__+split_ball_id_+split_ball_rat,533.2089327858669,724.1946017190747,-0.018413602315527494
5,split_ball_id_+interact+id_frequency__+split_ball_rat+split_ball_id_,531.68582758093,723.4744215539047,-0.01844635534813624
5,split_ball_id_+interact+id_frequency__+split_ball_id_+split_ball_rat,531.3634991099269,722.8117357092611,-0.018505021407600575
2,interact+bayesian,508.16907441580963,719.8680312591744,-0.018933740738629273
5,split_ball_id_+id_frequency__+split_ball_rat+mtend+split_ball_id_,529.2487739455787,719.4860026274674,-0.018664764932591865
5,split_ball_id_+id_frequency__+mtend+split_ball_id_+split_ball_rat,529.0050877290175,718.8990393753536,-0.018723716412857805
3,interact+bayesian+mtend,507.5608720379598,710.7783613824137,-0.01926998785588918
3,split_ball_id_+interact+bayesian,523.2123453060344,709.8329439022111,-0.019262117666802303
2,split_ball_id_+bayesian,528.0226506285568,709.0563491447543,-0.01946948708913987
2,bayesian+mtend,504.20951458616247,707.7442157662816,-0.019470510476920222
4,split_ball_id_+interact+bayesian+mtend,518.8466806818615,705.5791324021676,-0.019432457670423453
3,interact+bayesian+split_ball_id_,515.7991179521537,705.0762473457484,-0.019452927093548622
3,split_ball_id_+bayesian+mtend,520.1417354033122,702.7114491468534,-0.019623646632217134
3,interact+bayesian+id_frequency__,517.9610256238032,701.4643981749002,-0.01941861739903633
4,interact+bayesian+mtend+split_ball_id_,513.2093505219592,701.4520203473373,-0.019573212758172642
4,split_ball_id_+interact+bayesian+split_ball_id_,523.9374880780856,700.2640817379779,-0.019565088713037
2,bayesian+split_ball_id_,516.7692045452976,699.3118388707753,-0.01974531894334039
4,interact+bayesian+id_frequency__+mtend,514.5852125319706,698.9252690014047,-0.019548135601783423
5,split_ball_id_+interact+bayesian+mtend+split_ball_id_,520.3770527508533,698.6038289748086,-0.019640074766960502
2,interact+mtend,505.5395824726805,697.9470474568706,-0.01937773516057481
4,split_ball_id_+interact+bayesian+id_frequency__,526.1994348115251,697.6469898818726,-0.01953991910819647
5,split_ball_id_+interact+bayesian+id_frequency__+mtend,521.9266683505142,696.6112387233991,-0.019620268442118005
2,bayesian+id_frequency__,519.841016696998,696.5016081389774,-0.01970393282588412
3,bayesian+mtend+split_ball_id_,512.5302283867538,695.804832618796,-0.01980566839514536
3,split_ball_id_+bayesian+split_ball_id_,526.532199879326,695.2283198084164,-0.01979864976989923
4,interact+bayesian+id_frequency__+split_ball_id_,520.895693863288,694.839648212342,-0.019686018538080968
3,split_ball_id_+interact+mtend,520.7054490838136,694.1288415683089,-0.019553718045922458
4,split_ball_id_+bayesian+mtend+split_ball_id_,521.3606418336014,694.0854514869254,-0.019832683211084362
5,interact+bayesian+id_frequency__+mtend+split_ball_id_,517.5935941115096,693.8868417122545,-0.019735163821882173
3,bayesian+id_frequency__+mtend,514.1810713126582,693.6782072630376,-0.019777001041305198
3,split_ball_id_+bayesian+id_frequency__,529.7581750123181,692.9292654386132,-0.019769814585006762
5,split_ball_id_+interact+bayesian+id_frequency__+split_ball_id_,526.2579773034681,692.6498330814268,-0.01972754026718801
2,split_ball_id_+interact,527.0182352313801,692.3888351236695,-0.019348892336124718
4,split_ball_id_+bayesian+id_frequency__+mtend,523.3349152062527,692.2979123049955,-0.019810685766423336
3,interact+mtend+split_ball_id_,513.3672253816223,689.6902885249357,-0.019745648882479205
3,bayesian+id_frequency__+split_ball_id_,522.7426001871538,688.3684028929692,-0.019961323442107298
4,bayesian+id_frequency__+mtend+split_ball_id_,517.92138549972,688.28482824147,-0.0199518382089042
4,split_ball_id_+interact+mtend+split_ball_id_,521.8160585557796,688.2663359816132,-0.0197827770880461
2,interact+split_ball_id_,516.3755856270935,688.2121354765735,-0.01964705770651265
5,split_ball_id_+bayesian+id_frequency__+mtend+split_ball_id_,523.8815109845585,687.8382776437153,-0.01994194092042026
4,split_ball_id_+bayesian+id_frequency__+split_ball_id_,528.6066083798003,687.2129244563263,-0.019944103950598036
3,split_ball_id_+interact+split_ball_id_,526.3314842375744,686.0618379329941,-0.019726266210996546
3,interact+id_frequency__+mtend,515.3764055411236,685.3730292772698,-0.019708644793009072
4,split_ball_id_+interact+id_frequency__+mtend,523.9919725116948,685.2525385783181,-0.019756091643422707
2,split_ball_id_+mtend,523.1658612526057,684.5686966003962,-0.019902752507459542
5,split_ball_id_+interact+id_frequency__+mtend+split_ball_id_,524.3899818460851,682.6935684491554,-0.019900236373194435
4,interact+id_frequency__+mtend+split_ball_id_,518.7309413659302,682.6215597546592,-0.019902821551786215
3,split_ball_id_+interact+id_frequency__,529.9184436735493,681.5893446280197,-0.01968909402310884
2,interact+id_frequency__,520.2616233009993,680.4839290748266,-0.01958690108996261
4,split_ball_id_+interact+id_frequency__+split_ball_id_,528.8335754112916,679.8407390323224,-0.019888132356706695
3,interact+id_frequency__+split_ball_id_,523.1720927958983,679.4866109139375,-0.01989053147501596
3,split_ball_id_+mtend+split_ball_id_,523.1077536197337,678.7329984870527,-0.020086621124374093
3,split_ball_id_+id_frequency__+mtend,526.1816633856054,675.7278871110661,-0.020055092517411555
2,mtend+split_ball_id_,512.0788222097273,675.5556347396996,-0.020181110130979618
4,split_ball_id_+id_frequency__+mtend+split_ball_id_,525.883042923092,674.3792455725761,-0.020158240437891772
3,id_frequency__+mtend+split_ball_id_,519.2416588732817,671.483597592648,-0.020247722881265834
2,id_frequency__+mtend,514.8099830834974,671.1548729811944,-0.02013366726567256
2,split_ball_id_+split_ball_id_,529.8289894869467,670.869730741197,-0.0201542497518665
3,split_ball_id_+id_frequency__+split_ball_id_,532.1264411309756,668.0790468832743,-0.020229050661291298
2,split_ball_id_+id_frequency__,536.1130214333821,666.087696977491,-0.02010641105818814
2,id_frequency__+split_ball_id_,526.366136535783,662.315423117088,-0.02040611903511841
