k,combo,f23,f24,off24,m
2,split_ball_drop_20+split_ball_fw050+d,576.4622222812266,907.1094978269633,-0.009952148194983135,576.4622222812266
2,split_ball_drop_20+split_ball_drop_20,558.6996709705638,885.40962438578,-0.0116115740566341,558.6996709705638
2,split_ball_drop_20+split_ball_drop_20,561.0166796786941,951.8915123192473,-0.006006403122569198,561.0166796786941
2,split_ball_drop_20+split_ball_drop_20,582.4745487576166,967.4470088901211,-0.0028946029769287007,582.4745487576166
2,split_ball_drop_20+split_ball_drop_20,559.8108890390586,928.9221594989905,-0.007949147295686881,559.8108890390586
2,split_ball_drop_20+split_ball_drop_20,575.1955860346825,954.5833686522064,-0.005212724843291966,575.1955860346825
2,split_ball_drop_20+split_ball_drop_20,558.2159955205613,884.3388510701211,-0.011389345194779937,558.2159955205613
2,split_ball_drop_20+split_ball_rate_mu,594.6485197045548,886.0083980077094,-0.011359371608872598,594.6485197045548
2,split_ball_fw050+d+split_ball_drop_20,571.8296144474166,887.7650781562107,-0.011406219069266976,571.8296144474166
2,split_ball_fw050+d+split_ball_drop_20,560.9710406000556,953.1538253133798,-0.005797548244387163,560.9710406000556
2,split_ball_fw050+d+split_ball_drop_20,556.927640867777,959.8699560577905,-0.002656284375059881,556.927640867777
2,split_ball_fw050+d+split_ball_drop_20,554.3691525417893,928.4387851438591,-0.007733239868874059,554.3691525417893
2,split_ball_fw050+d+split_ball_drop_20,543.5111734809484,944.208718980899,-0.004963869887317424,543.5111734809484
2,split_ball_fw050+d+split_ball_drop_20,523.8543004510321,881.2169313530238,-0.01116334609935865,523.8543004510321
2,split_ball_fw050+d+split_ball_rate_mu,564.6264820061142,882.053592028631,-0.011130391083728347,564.6264820061142
2,split_ball_drop_20+split_ball_drop_20,557.6623889963828,944.1567925766892,-0.007503686556046163,557.6623889963828
2,split_ball_drop_20+split_ball_drop_20,580.3808972736913,966.3221136285482,-0.004415303448297242,580.3808972736913
2,split_ball_drop_20+split_ball_drop_20,554.5420716178807,915.8028504661075,-0.009426893148957505,554.5420716178807
2,split_ball_drop_20+split_ball_drop_20,572.2225712798568,946.1118698489313,-0.006706370534100475,572.2225712798568
2,split_ball_drop_20+split_ball_drop_20,553.2346244841002,860.9687559936297,-0.012828301034499306,553.2346244841002
2,split_ball_drop_20+split_ball_rate_mu,594.6984602887451,862.2892538574512,-0.012801819046315888,594.6984602887451
2,split_ball_drop_20+split_ball_drop_20,562.3172367349216,967.1902157662005,0.001419385325904271,562.3172367349216
2,split_ball_drop_20+split_ball_drop_20,549.6030952316655,963.7520244476838,-0.0037544267269799814,549.6030952316655
2,split_ball_drop_20+split_ball_drop_20,553.4515624447512,969.5797238365222,-0.0009520969563471537,553.4515624447512
2,split_ball_drop_20+split_ball_drop_20,536.3744425848193,941.6308358918268,-0.007274930998501544,536.3744425848193
2,split_ball_drop_20+split_ball_rate_mu,576.8887789155519,942.0193473598571,-0.007232525070828333,576.8887789155519
2,split_ball_drop_20+split_ball_drop_20,561.9882053418123,965.5994759254272,-0.0005966986334715318,561.9882053418123
2,split_ball_drop_20+split_ball_drop_20,543.3792510732061,950.355815119408,0.0022706036736646062,543.3792510732061
2,split_ball_drop_20+split_ball_drop_20,529.9577325441951,959.0203858083623,-0.004168473098748654,529.9577325441951
2,split_ball_drop_20+split_ball_rate_mu,551.9928894276327,958.7711299482105,-0.004117744119634503,551.9928894276327
2,split_ball_drop_20+split_ball_drop_20,548.5556439189909,958.9094523030584,-0.00293663094873553,548.5556439189909
2,split_ball_drop_20+split_ball_drop_20,530.9484601390025,911.5964367458319,-0.009191915897404507,530.9484601390025
2,split_ball_drop_20+split_ball_rate_mu,571.0095148750538,911.89611724245,-0.009153259110251721,571.0095148750538
2,split_ball_drop_20+split_ball_drop_20,512.8844300104186,938.560432361546,-0.006459674050254577,512.8844300104186
2,split_ball_drop_20+split_ball_rate_mu,551.3339061876233,938.8704443294093,-0.006416355642653332,551.3339061876233
2,split_ball_drop_20+split_ball_rate_mu,540.7085465626293,856.1297104314302,-0.012559356335247684,540.7085465626293
3,split_ball_drop_20+split_ball_fw050+d+split_ball_drop_20,573.5148703207793,895.9061293468574,-0.010999191217382853,573.5148703207793
3,split_ball_drop_20+split_ball_fw050+d+split_ball_drop_20,570.406437030213,942.0646008952094,-0.007268772123602829,570.406437030213
3,split_ball_drop_20+split_ball_fw050+d+split_ball_drop_20,578.2874715080211,955.7370398741938,-0.0052056157608280085,578.2874715080211
3,split_ball_drop_20+split_ball_fw050+d+split_ball_drop_20,567.7752222054355,924.1645777208762,-0.008554292508934053,567.7752222054355
3,split_ball_drop_20+split_ball_fw050+d+split_ball_drop_20,571.1679025811267,941.6074234525951,-0.006730911790386984,571.1679025811267
3,split_ball_drop_20+split_ball_fw050+d+split_ball_drop_20,559.6371271518464,893.1770778561554,-0.010843303000948684,559.6371271518464
3,split_ball_drop_20+split_ball_fw050+d+split_ball_rate_mu,593.4572606323574,895.7847529415974,-0.010828215978782696,593.4572606323574
3,split_ball_drop_20+split_ball_drop_20+split_ball_drop_20,561.2159803390359,932.6498588979271,-0.00839405342749161,561.2159803390359
3,split_ball_drop_20+split_ball_drop_20+split_ball_drop_20,580.2439054332754,952.9104097520724,-0.00635427479543893,580.2439054332754
3,split_ball_drop_20+split_ball_drop_20+split_ball_drop_20,560.0826846246742,913.1741382411907,-0.009674042924128545,560.0826846246742
3,split_ball_drop_20+split_ball_drop_20+split_ball_drop_20,575.498071394287,936.8704328708067,-0.007872285461415912,575.498071394287
3,split_ball_drop_20+split_ball_drop_20+split_ball_drop_20,564.3072838944163,878.8375971894857,-0.011950307125486975,564.3072838944163
3,split_ball_drop_20+split_ball_drop_20+split_ball_rate_mu,597.8451483929837,881.6220089324033,-0.011938077675672953,597.8451483929837
3,split_ball_drop_20+split_ball_drop_20+split_ball_drop_20,574.2010059572644,971.1687298697535,-0.0025237579232676166,574.2010059572644
3,split_ball_drop_20+split_ball_drop_20+split_ball_drop_20,559.4811689191181,951.6073947949733,-0.005915280242412196,559.4811689191181
3,split_ball_drop_20+split_ball_drop_20+split_ball_drop_20,569.0484959153252,964.7968623490156,-0.004077309813923569,569.0484959153252
3,split_ball_drop_20+split_ball_drop_20+split_ball_drop_20,558.6183594717297,931.7398028762968,-0.008244452588065776,558.6183594717297
3,split_ball_drop_20+split_ball_drop_20+split_ball_rate_mu,592.2955323829137,934.2179621910973,-0.008225186492114456,592.2955323829137
3,split_ball_drop_20+split_ball_drop_20+split_ball_drop_20,574.1764703354413,963.1932180700464,-0.00384484127037632,574.1764703354413
3,split_ball_drop_20+split_ball_drop_20+split_ball_drop_20,574.6197059296243,967.5809548490233,-0.0019781825768895867,574.6197059296243
3,split_ball_drop_20+split_ball_drop_20+split_ball_drop_20,565.5659070016861,949.9574425243185,-0.00619668651432409,565.5659070016861
3,split_ball_drop_20+split_ball_drop_20+split_ball_rate_mu,592.2031027759011,952.2491268253997,-0.006173806509345597,592.2031027759011
3,split_ball_drop_20+split_ball_drop_20+split_ball_drop_20,567.1403374579054,952.9669071799863,-0.005384465493240176,567.1403374579054
3,split_ball_drop_20+split_ball_drop_20+split_ball_drop_20,556.5481106183267,911.5121567856544,-0.00952167484535918,556.5481106183267
3,split_ball_drop_20+split_ball_drop_20+split_ball_rate_mu,589.7877243174477,913.9103925387526,-0.009504053583361705,589.7877243174477
3,split_ball_drop_20+split_ball_drop_20+split_ball_drop_20,556.9068712421132,933.7757893186804,-0.007714737766418955,556.9068712421132
3,split_ball_drop_20+split_ball_drop_20+split_ball_rate_mu,590.1787634151945,936.2454142560206,-0.007695096505850846,590.1787634151945
3,split_ball_drop_20+split_ball_drop_20+split_ball_rate_mu,582.1590464478277,879.0542063197959,-0.011782374436990706,582.1590464478277
3,split_ball_fw050+d+split_ball_drop_20+split_ball_drop_20,568.3759397323352,934.5932212175722,-0.008258711743992647,568.3759397323352
3,split_ball_fw050+d+split_ball_drop_20+split_ball_drop_20,576.8635306987568,951.1390874382907,-0.00620592368836706,576.8635306987568
3,split_ball_fw050+d+split_ball_drop_20+split_ball_drop_20,564.8678078343349,914.3641867601526,-0.00953558709076141,564.8678078343349
3,split_ball_fw050+d+split_ball_drop_20+split_ball_drop_20,569.3580355867533,933.8722477512107,-0.007719271463491689,569.3580355867533
3,split_ball_fw050+d+split_ball_drop_20+split_ball_drop_20,556.8992142098606,878.8329069477574,-0.011807363700111595,556.8992142098606
3,split_ball_fw050+d+split_ball_drop_20+split_ball_rate_mu,592.9812408197455,881.2648028656,-0.011793829509256143,592.9812408197455
3,split_ball_fw050+d+split_ball_drop_20+split_ball_drop_20,564.3095476263516,968.7771874319684,-0.0023738283212802747,564.3095476263516
3,split_ball_fw050+d+split_ball_drop_20+split_ball_drop_20,558.3577891580816,952.3049378948767,-0.005775269820494949,558.3577891580816
3,split_ball_fw050+d+split_ball_drop_20+split_ball_drop_20,556.4230724463881,961.0682163814665,-0.0039226485122250965,556.4230724463881
3,split_ball_fw050+d+split_ball_drop_20+split_ball_drop_20,544.8564143609169,931.137503710855,-0.008099879189432807,544.8564143609169
3,split_ball_fw050+d+split_ball_drop_20+split_ball_rate_mu,580.7260210377807,933.2512805058202,-0.00807930913137428,580.7260210377807
3,split_ball_fw050+d+split_ball_drop_20+split_ball_drop_20,562.0362261311241,960.0111538094814,-0.003691752158527656,562.0362261311241
3,split_ball_fw050+d+split_ball_drop_20+split_ball_drop_20,550.1312810862635,959.7398395058909,-0.001810355061536345,550.1312810862635
3,split_ball_fw050+d+split_ball_drop_20+split_ball_drop_20,540.0940842874013,945.5527184088597,-0.006039055135743571,540.0940842874013
3,split_ball_fw050+d+split_ball_drop_20+split_ball_rate_mu,568.3826759332544,947.4609619612439,-0.0060148430920300144,568.3826759332544
3,split_ball_fw050+d+split_ball_drop_20+split_ball_drop_20,552.1326400876103,948.5086769942197,-0.005226681265127958,552.1326400876103
3,split_ball_fw050+d+split_ball_drop_20+split_ball_drop_20,540.3181335398299,910.195973328487,-0.009374006478210878,540.3181335398299
3,split_ball_fw050+d+split_ball_drop_20+split_ball_rate_mu,575.951517525597,912.2272005120612,-0.009355071058916947,575.951517525597
3,split_ball_fw050+d+split_ball_drop_20+split_ball_drop_20,528.543174710916,928.194641030744,-0.007552469663490963,528.543174710916
3,split_ball_fw050+d+split_ball_drop_20+split_ball_rate_mu,563.8792463146469,930.2807681183411,-0.007531485922953163,563.8792463146469
3,split_ball_fw050+d+split_ball_drop_20+split_ball_rate_mu,554.9918885336291,876.258952191944,-0.011628930593431397,554.9918885336291
3,split_ball_drop_20+split_ball_drop_20+split_ball_drop_20,573.3150827760935,972.1522196090682,-0.0035435214099568124,573.3150827760935
3,split_ball_drop_20+split_ball_drop_20+split_ball_drop_20,557.1355074596496,947.078015468461,-0.0069158490302339,557.1355074596496
3,split_ball_drop_20+split_ball_drop_20+split_ball_drop_20,567.779158220516,962.4079285199039,-0.005084983852885527,567.779158220516
3,split_ball_drop_20+split_ball_drop_20+split_ball_drop_20,556.4330533412209,922.3461220115526,-0.009227594773916714,556.4330533412209
3,split_ball_drop_20+split_ball_drop_20+split_ball_rate_mu,592.3197851043005,924.6800508999175,-0.009209949926277772,592.3197851043005
3,split_ball_drop_20+split_ball_drop_20+split_ball_drop_20,572.3518856333376,961.6005835732522,-0.004855818670890105,572.3518856333376
3,split_ball_drop_20+split_ball_drop_20+split_ball_drop_20,574.0258486300553,968.2351770795683,-0.002996305713582642,574.0258486300553
3,split_ball_drop_20+split_ball_drop_20+split_ball_drop_20,563.9660946126668,943.3617934762606,-0.007190161588152888,563.9660946126668
3,split_ball_drop_20+split_ball_drop_20+split_ball_rate_mu,593.0699354987912,945.5300151421598,-0.007168940353554226,593.0699354987912
3,split_ball_drop_20+split_ball_drop_20+split_ball_drop_20,564.9615950939268,948.1117082782876,-0.006383417880648806,564.9615950939268
3,split_ball_drop_20+split_ball_drop_20+split_ball_drop_20,553.4830889566855,899.8453057877498,-0.010496205278718668,553.4830889566855
3,split_ball_drop_20+split_ball_drop_20+split_ball_rate_mu,588.8607745242913,902.0868372816349,-0.010480173865886178,588.8607745242913
3,split_ball_drop_20+split_ball_drop_20+split_ball_drop_20,554.9173666782758,924.1019384721327,-0.008696301400318102,554.9173666782758
3,split_ball_drop_20+split_ball_drop_20+split_ball_rate_mu,590.5778265999805,926.4231732354133,-0.008678274140441533,590.5778265999805
3,split_ball_drop_20+split_ball_drop_20+split_ball_rate_mu,581.5130690903559,862.764127724025,-0.012741261996456726,581.5130690903559
3,split_ball_drop_20+split_ball_drop_20+split_ball_drop_20,562.8735821651687,970.9679858272314,-0.0009950726862913983,562.8735821651687
3,split_ball_drop_20+split_ball_drop_20+split_ball_drop_20,557.7056435812855,966.0263732276686,0.0009010721031311175,557.7056435812855
3,split_ball_drop_20+split_ball_drop_20+split_ball_drop_20,548.7845077585818,968.4514753818485,-0.0033829650239228792,548.7845077585818
3,split_ball_drop_20+split_ball_drop_20+split_ball_rate_mu,576.9852671539178,970.1073196412557,-0.0033544031748287406,576.9852671539178
3,split_ball_drop_20+split_ball_drop_20+split_ball_drop_20,555.0151905666323,967.3498582344009,-0.0025583275217258283,555.0151905666323
3,split_ball_drop_20+split_ball_drop_20+split_ball_drop_20,544.3473182917157,944.7295556747504,-0.0067605522653262085,544.3473182917157
3,split_ball_drop_20+split_ball_drop_20+split_ball_rate_mu,579.7969582033269,946.5900206275246,-0.00673739277879154,579.7969582033269
3,split_ball_drop_20+split_ball_drop_20+split_ball_drop_20,539.3173159676801,958.564347295432,-0.0049244733770967275,539.3173159676801
3,split_ball_drop_20+split_ball_drop_20+split_ball_rate_mu,574.4522356833426,960.4587971885903,-0.0048992291149601574,574.4522356833426
3,split_ball_drop_20+split_ball_drop_20+split_ball_rate_mu,566.6639969506448,921.3918799932163,-0.009051299066546087,566.6639969506448
3,split_ball_drop_20+split_ball_drop_20+split_ball_drop_20,556.2940696367647,963.8488007844503,-0.00043871834293057743,556.2940696367647
3,split_ball_drop_20+split_ball_drop_20+split_ball_drop_20,547.0239669582488,957.1221416349917,-0.0046924833421732315,547.0239669582488
3,split_ball_drop_20+split_ball_drop_20+split_ball_rate_mu,575.2999384084245,958.7544835593653,-0.004665656843812704,575.2999384084245
3,split_ball_drop_20+split_ball_drop_20+split_ball_drop_20,531.9607194601339,962.169866996343,-0.0028277100198159377,531.9607194601339
3,split_ball_drop_20+split_ball_drop_20+split_ball_rate_mu,559.0916285157066,963.8157981501805,-0.002798740815450007,559.0916285157066
3,split_ball_drop_20+split_ball_drop_20+split_ball_rate_mu,553.2472214614281,940.1263616090283,-0.007002247010637064,553.2472214614281
3,split_ball_drop_20+split_ball_drop_20+split_ball_drop_20,535.5252132496879,943.5136151134116,-0.006220139281725157,535.5252132496879
3,split_ball_drop_20+split_ball_drop_20+split_ball_rate_mu,570.5670507701876,945.3571516129133,-0.006196586725577186,570.5670507701876
3,split_ball_drop_20+split_ball_drop_20+split_ball_rate_mu,562.3336334855788,898.0883756883884,-0.010318773670294046,562.3336334855788
3,split_ball_drop_20+split_ball_drop_20+split_ball_rate_mu,547.1650761070257,920.937971631175,-0.008511653788847079,547.1650761070257
4,split_ball_drop_20+split_ball_fw050+d+split_ball_drop_20+split_ball_drop_20,570.334107426429,928.6525317232619,-0.008738801855400352,570.334107426429
4,split_ball_drop_20+split_ball_fw050+d+split_ball_drop_20+split_ball_drop_20,580.242020380517,943.8131930984194,-0.007208830202609012,580.242020380517
4,split_ball_drop_20+split_ball_fw050+d+split_ball_drop_20+split_ball_drop_20,568.5189099443155,913.399253472913,-0.009696233179279035,568.5189099443155
4,split_ball_drop_20+split_ball_fw050+d+split_ball_drop_20+split_ball_drop_20,575.4061346405659,930.1381041576517,-0.00834120577956865,575.4061346405659
4,split_ball_drop_20+split_ball_fw050+d+split_ball_drop_20+split_ball_drop_20,566.8492404202752,887.7960817919361,-0.011404149736661429,566.8492404202752
4,split_ball_drop_20+split_ball_fw050+d+split_ball_drop_20+split_ball_rate_mu,595.6484901279424,890.415581930959,-0.011396282728650592,595.6484901279424
4,split_ball_drop_20+split_ball_fw050+d+split_ball_drop_20+split_ball_drop_20,574.3400243231279,963.5844209153311,-0.004357187140880681,574.3400243231279
4,split_ball_drop_20+split_ball_fw050+d+split_ball_drop_20+split_ball_drop_20,565.8182497903397,944.3642680604047,-0.006884862651846291,565.8182497903397
4,split_ball_drop_20+split_ball_fw050+d+split_ball_drop_20+split_ball_drop_20,569.2603530920826,955.1974112882,-0.005509467813644947,569.2603530920826
4,split_ball_drop_20+split_ball_fw050+d+split_ball_drop_20+split_ball_drop_20,561.1608672069335,926.8356169113034,-0.008622501846565489,561.1608672069335
4,split_ball_drop_20+split_ball_fw050+d+split_ball_drop_20+split_ball_rate_mu,590.0480455038215,929.3083341908037,-0.008610688360752405,590.0480455038215
4,split_ball_drop_20+split_ball_fw050+d+split_ball_drop_20+split_ball_drop_20,573.1643053995872,954.6751578518808,-0.005337660919627174,573.1643053995872
4,split_ball_drop_20+split_ball_fw050+d+split_ball_drop_20+split_ball_drop_20,571.3605583219761,960.6157196094367,-0.003946147531568439,571.3605583219761
4,split_ball_drop_20+split_ball_fw050+d+split_ball_drop_20+split_ball_drop_20,564.0310193232411,940.832691135185,-0.007088029479984853,564.0310193232411
4,split_ball_drop_20+split_ball_fw050+d+split_ball_drop_20+split_ball_rate_mu,589.0487877193817,943.219301654763,-0.007074195651811721,589.0487877193817
4,split_ball_drop_20+split_ball_fw050+d+split_ball_drop_20+split_ball_drop_20,567.0102117142694,944.1952923739283,-0.006482150475751014,567.0102117142694
4,split_ball_drop_20+split_ball_fw050+d+split_ball_drop_20+split_ball_drop_20,558.8044532948367,911.1746407337806,-0.009578384068055834,558.8044532948367
4,split_ball_drop_20+split_ball_fw050+d+split_ball_drop_20+split_ball_rate_mu,587.4641682909964,913.5899418344362,-0.009567485438080642,587.4641682909964
4,split_ball_drop_20+split_ball_fw050+d+split_ball_drop_20+split_ball_drop_20,556.9526943235869,927.0906485642105,-0.008220433520221199,556.9526943235869
4,split_ball_drop_20+split_ball_fw050+d+split_ball_drop_20+split_ball_rate_mu,585.6974381245105,929.5578395380533,-0.008208401376833596,585.6974381245105
4,split_ball_drop_20+split_ball_fw050+d+split_ball_drop_20+split_ball_rate_mu,578.9415818199473,887.6996604359366,-0.011276562305779364,578.9415818199473
4,split_ball_drop_20+split_ball_drop_20+split_ball_drop_20+split_ball_drop_20,574.767643305707,962.2684903316858,-0.005221499136097263,574.767643305707
4,split_ball_drop_20+split_ball_drop_20+split_ball_drop_20+split_ball_drop_20,560.7687285407059,938.3622198669284,-0.007732866189852916,560.7687285407059
4,split_ball_drop_20+split_ball_drop_20+split_ball_drop_20+split_ball_drop_20,571.023108581159,952.7858799131761,-0.006369666761530168,571.023108581159
4,split_ball_drop_20+split_ball_drop_20+split_ball_drop_20+split_ball_drop_20,563.0770829075815,918.8687759195458,-0.009463288070332254,563.0770829075815
4,split_ball_drop_20+split_ball_drop_20+split_ball_drop_20+split_ball_rate_mu,591.7720148398087,921.4482918211697,-0.009453105256400723,591.7720148398087
4,split_ball_drop_20+split_ball_drop_20+split_ball_drop_20+split_ball_drop_20,574.3449359961961,952.3970566335804,-0.006198825381759504,574.3449359961961
4,split_ball_drop_20+split_ball_drop_20+split_ball_drop_20+split_ball_drop_20,579.75667840241,962.0686209125928,-0.0048195646730334885,579.75667840241
4,split_ball_drop_20+split_ball_drop_20+split_ball_drop_20+split_ball_drop_20,572.4842347201942,936.4997645740725,-0.007941934774992249,572.4842347201942
4,split_ball_drop_20+split_ball_drop_20+split_ball_drop_20+split_ball_rate_mu,597.62077337282,939.00932273151,-0.0079297596622743,597.62077337282
4,split_ball_drop_20+split_ball_drop_20+split_ball_drop_20+split_ball_drop_20,569.5918917565047,940.8417514864764,-0.007339214094449709,569.5918917565047
4,split_ball_drop_20+split_ball_drop_20+split_ball_drop_20+split_ball_drop_20,561.586585356344,902.339945826458,-0.010416070358137824,561.586585356344
4,split_ball_drop_20+split_ball_drop_20+split_ball_drop_20+split_ball_rate_mu,589.9438603727658,904.8579674811208,-0.010406793395228875,589.9438603727658
4,split_ball_drop_20+split_ball_drop_20+split_ball_drop_20+split_ball_drop_20,566.8044302034381,921.7174347436296,-0.009070261787695821,566.8044302034381
4,split_ball_drop_20+split_ball_drop_20+split_ball_drop_20+split_ball_rate_mu,595.4717419648925,924.2973670121502,-0.009059873729213491,595.4717419648925
4,split_ball_drop_20+split_ball_drop_20+split_ball_drop_20+split_ball_rate_mu,588.7111685944913,877.0912772324002,-0.012108692207821653,588.7111685944913
4,split_ball_drop_20+split_ball_drop_20+split_ball_drop_20+split_ball_drop_20,570.0516552936019,967.601332687229,-0.003331111095550593,570.0516552936019
4,split_ball_drop_20+split_ball_drop_20+split_ball_drop_20+split_ball_drop_20,571.8506281310764,971.0219127692988,-0.001931338633851698,571.8506281310764
4,split_ball_drop_20+split_ball_drop_20+split_ball_drop_20+split_ball_drop_20,565.1350883608686,960.348297390523,-0.005104248997314126,565.1350883608686
4,split_ball_drop_20+split_ball_drop_20+split_ball_drop_20+split_ball_rate_mu,590.0840943490638,962.6308343335887,-0.005087997514463871,590.0840943490638
4,split_ball_drop_20+split_ball_drop_20+split_ball_drop_20+split_ball_drop_20,565.020186435572,961.4649854223112,-0.004491483105633548,565.020186435572
4,split_ball_drop_20+split_ball_drop_20+split_ball_drop_20+split_ball_drop_20,557.4396693411976,937.1700864976407,-0.007618555730549675,557.4396693411976
4,split_ball_drop_20+split_ball_drop_20+split_ball_drop_20+split_ball_rate_mu,585.9980638832308,939.5148220608385,-0.007605293139795383,585.9980638832308
4,split_ball_drop_20+split_ball_drop_20+split_ball_drop_20+split_ball_drop_20,559.1958768090599,950.7768298971042,-0.006252436418290291,559.1958768090599
4,split_ball_drop_20+split_ball_drop_20+split_ball_drop_20+split_ball_rate_mu,587.8267922879044,953.164900871073,-0.0062380247517947185,587.8267922879044
4,split_ball_drop_20+split_ball_drop_20+split_ball_drop_20+split_ball_rate_mu,581.677987395357,919.7213947081506,-0.009336908887263268,581.677987395357
4,split_ball_drop_20+split_ball_drop_20+split_ball_drop_20+split_ball_drop_20,571.1279791687285,965.6950003598563,-0.0029240621205281203,571.1279791687285
4,split_ball_drop_20+split_ball_drop_20+split_ball_drop_20+split_ball_drop_20,564.2654988389562,950.0415636339743,-0.006080013207969026,564.2654988389562
4,split_ball_drop_20+split_ball_drop_20+split_ball_drop_20+split_ball_rate_mu,589.1101120108266,952.2908528032837,-0.006064719575378408,589.1101120108266
4,split_ball_drop_20+split_ball_drop_20+split_ball_drop_20+split_ball_drop_20,560.7498424108792,958.858328628076,-0.00469781206236905,560.7498424108792
4,split_ball_drop_20+split_ball_drop_20+split_ball_drop_20+split_ball_rate_mu,585.3456967254477,961.1431761283206,-0.004681344552396466,585.3456967254477
4,split_ball_drop_20+split_ball_drop_20+split_ball_drop_20+split_ball_rate_mu,580.1292685561399,936.125212659078,-0.0078090599930740745,580.1292685561399
4,split_ball_drop_20+split_ball_drop_20+split_ball_drop_20+split_ball_drop_20,557.2460464062457,938.4072056970116,-0.007220426255820395,557.2460464062457
4,split_ball_drop_20+split_ball_drop_20+split_ball_drop_20+split_ball_rate_mu,585.7064164977444,940.7509044067286,-0.007206953760650503,585.7064164977444
4,split_ball_drop_20+split_ball_drop_20+split_ball_drop_20+split_ball_rate_mu,579.3718056306462,902.7243558275777,-0.010289047291460462,579.3718056306462
4,split_ball_drop_20+split_ball_drop_20+split_ball_drop_20+split_ball_rate_mu,575.9193794251382,921.3503619663999,-0.00893920510998808,575.9193794251382
4,split_ball_fw050+d+split_ball_drop_20+split_ball_drop_20+split_ball_drop_20,573.563141388711,961.7799211323552,-0.005113273824330272,573.563141388711
4,split_ball_fw050+d+split_ball_drop_20+split_ball_drop_20+split_ball_drop_20,564.1961883743995,939.539983366433,-0.007630198490539808,564.1961883743995
4,split_ball_fw050+d+split_ball_drop_20+split_ball_drop_20+split_ball_drop_20,568.2688941418878,951.5662430341854,-0.006258794395716055,568.2688941418878
4,split_ball_fw050+d+split_ball_drop_20+split_ball_drop_20+split_ball_drop_20,559.6424317472648,919.3245964405183,-0.009358063271263178,559.6424317472648
4,split_ball_fw050+d+split_ball_drop_20+split_ball_drop_20+split_ball_rate_mu,589.7871236359431,921.7056369681842,-0.009347152694283073,589.7871236359431
4,split_ball_fw050+d+split_ball_drop_20+split_ball_drop_20+split_ball_drop_20,571.8600429377441,951.4758033095094,-0.006088834893013817,571.8600429377441
4,split_ball_fw050+d+split_ball_drop_20+split_ball_drop_20+split_ball_drop_20,570.7530490316137,958.6540150703149,-0.004701329727138187,570.7530490316137
4,split_ball_fw050+d+split_ball_drop_20+split_ball_drop_20+split_ball_drop_20,562.8582478740651,934.8886141299583,-0.007829396688584067,562.8582478740651
4,split_ball_fw050+d+split_ball_drop_20+split_ball_drop_20+split_ball_rate_mu,589.2417500429902,937.1920906531051,-0.007816481749112814,589.2417500429902
4,split_ball_fw050+d+split_ball_drop_20+split_ball_drop_20+split_ball_drop_20,565.5038011341373,939.2145340032964,-0.007226592425096906,565.5038011341373
4,split_ball_fw050+d+split_ball_drop_20+split_ball_drop_20+split_ball_drop_20,556.7838271955505,902.394640304871,-0.010309107890098423,556.7838271955505
4,split_ball_fw050+d+split_ball_drop_20+split_ball_drop_20+split_ball_rate_mu,586.6706969609892,904.7131910617456,-0.010299098809368967,586.6706969609892
4,split_ball_fw050+d+split_ball_drop_20+split_ball_drop_20+split_ball_drop_20,555.5625722673541,919.4417306682911,-0.00895511760886189,555.5625722673541
4,split_ball_fw050+d+split_ball_drop_20+split_ball_drop_20+split_ball_rate_mu,585.6407882355086,921.8156288815837,-0.008943985292974521,585.6407882355086
4,split_ball_fw050+d+split_ball_drop_20+split_ball_drop_20+split_ball_rate_mu,578.3034265638976,876.3030021968543,-0.011998483791850367,578.3034265638976
4,split_ball_fw050+d+split_ball_drop_20+split_ball_drop_20+split_ball_drop_20,563.978320738856,966.3474832438012,-0.0032202361312764494,563.978320738856
4,split_ball_fw050+d+split_ball_drop_20+split_ball_drop_20+split_ball_drop_20,559.0001373358743,967.1718248727035,-0.0018121833150789857,559.0001373358743
4,split_ball_fw050+d+split_ball_drop_20+split_ball_drop_20+split_ball_drop_20,551.7233519302556,958.3584972446823,-0.004990795408534865,551.7233519302556
4,split_ball_fw050+d+split_ball_drop_20+split_ball_drop_20+split_ball_rate_mu,577.7577081579888,960.4301545806826,-0.004973804391620235,577.7577081579888
4,split_ball_fw050+d+split_ball_drop_20+split_ball_drop_20+split_ball_drop_20,557.3521245329283,959.4584336423906,-0.004377948187712172,557.3521245329283
4,split_ball_fw050+d+split_ball_drop_20+split_ball_drop_20+split_ball_drop_20,549.1111911554048,936.9008332157703,-0.0075106877865041555,549.1111911554048
4,split_ball_fw050+d+split_ball_drop_20+split_ball_drop_20+split_ball_rate_mu,579.0572097971847,939.041270153873,-0.007496693382725572,579.0572097971847
4,split_ball_fw050+d+split_ball_drop_20+split_ball_drop_20+split_ball_drop_20,544.1789376611217,948.0776236549415,-0.006136346440603069,544.1789376611217
4,split_ball_fw050+d+split_ball_drop_20+split_ball_drop_20+split_ball_rate_mu,574.0647933602294,950.2545143451835,-0.0061211908738414145,574.0647933602294
4,split_ball_fw050+d+split_ball_drop_20+split_ball_drop_20+split_ball_rate_mu,567.4026749856731,918.5611798291804,-0.009225762312845831,567.4026749856731
4,split_ball_fw050+d+split_ball_drop_20+split_ball_drop_20+split_ball_drop_20,557.0010080433563,961.4222315985521,-0.002803137389491006,557.0010080433563
4,split_ball_fw050+d+split_ball_drop_20+split_ball_drop_20+split_ball_drop_20,549.539051126835,947.6361806593613,-0.005964802072615016,549.539051126835
4,split_ball_fw050+d+split_ball_drop_20+split_ball_drop_20+split_ball_rate_mu,575.5599524420618,949.6732543240682,-0.0059487646689961315,575.5599524420618
4,split_ball_fw050+d+split_ball_drop_20+split_ball_drop_20+split_ball_drop_20,538.9730147806526,953.9261764203943,-0.00457434002588708,538.9730147806526
4,split_ball_fw050+d+split_ball_drop_20+split_ball_drop_20+split_ball_rate_mu,564.592052032864,955.9915725494417,-0.00455711671470313,564.592052032864
4,split_ball_fw050+d+split_ball_drop_20+split_ball_drop_20+split_ball_rate_mu,558.9343189318919,932.853373497855,-0.00769056746662844,558.9343189318919
4,split_ball_fw050+d+split_ball_drop_20+split_ball_drop_20+split_ball_drop_20,540.8571177632382,935.3172299130463,-0.007102594886024882,540.8571177632382
4,split_ball_fw050+d+split_ball_drop_20+split_ball_drop_20+split_ball_rate_mu,570.6606865959695,937.4485944471322,-0.007088374213213899,570.6606865959695
4,split_ball_fw050+d+split_ball_drop_20+split_ball_drop_20+split_ball_rate_mu,563.7733251163901,901.1784433195946,-0.010176167063019215,563.7733251163901
4,split_ball_fw050+d+split_ball_drop_20+split_ball_drop_20+split_ball_rate_mu,553.2240706711877,917.4350673727516,-0.008818113408149558,553.2240706711877
4,split_ball_drop_20+split_ball_drop_20+split_ball_drop_20+split_ball_drop_20,569.0517594511335,967.5297986013298,-0.004093222112007633,569.0517594511335
4,split_ball_drop_20+split_ball_drop_20+split_ball_drop_20+split_ball_drop_20,571.5376177673037,972.2209941978144,-0.0026974736684989564,571.5376177673037
4,split_ball_drop_20+split_ball_drop_20+split_ball_drop_20+split_ball_drop_20,564.2621537975567,957.3912190259049,-0.0058564764457295915,564.2621537975567
4,split_ball_drop_20+split_ball_drop_20+split_ball_drop_20+split_ball_rate_mu,590.5540917636731,959.6055970830353,-0.005841172380459919,590.5540917636731
4,split_ball_drop_20+split_ball_drop_20+split_ball_drop_20+split_ball_drop_20,563.8191002715675,959.512748170932,-0.005246802586882898,563.8191002715675
4,split_ball_drop_20+split_ball_drop_20+split_ball_drop_20+split_ball_drop_20,555.7293597659552,931.2498446131024,-0.008360060263508606,555.7293597659552
4,split_ball_drop_20+split_ball_drop_20+split_ball_drop_20+split_ball_rate_mu,585.4930314687646,933.5115858988719,-0.008347716098772745,585.4930314687646
4,split_ball_drop_20+split_ball_drop_20+split_ball_drop_20+split_ball_drop_20,558.1068110328547,946.0186609478338,-0.00699791878968653,558.1068110328547
4,split_ball_drop_20+split_ball_drop_20+split_ball_drop_20+split_ball_rate_mu,588.0483992300567,948.3275179759997,-0.006984435753253804,588.0483992300567
4,split_ball_drop_20+split_ball_drop_20+split_ball_drop_20+split_ball_rate_mu,581.3234978686022,911.0645757674286,-0.010069556756337139,581.3234978686022
4,split_ball_drop_20+split_ball_drop_20+split_ball_drop_20+split_ball_drop_20,570.272919812631,965.4392448322225,-0.0036852539382428717,570.272919812631
4,split_ball_drop_20+split_ball_drop_20+split_ball_drop_20+split_ball_drop_20,562.8641861311179,945.714296096789,-0.006827341066850123,562.8641861311179
4,split_ball_drop_20+split_ball_drop_20+split_ball_drop_20+split_ball_rate_mu,589.0188545744745,947.8893894658391,-0.006812981743094637,589.0188545744745
4,split_ball_drop_20+split_ball_drop_20+split_ball_drop_20+split_ball_drop_20,560.0354628438553,955.7371103099399,-0.005449135913120962,560.0354628438553
4,split_ball_drop_20+split_ball_drop_20+split_ball_drop_20+split_ball_rate_mu,586.0531849262163,957.9518024010025,-0.005433612906076329,586.0531849262163
4,split_ball_drop_20+split_ball_drop_20+split_ball_drop_20+split_ball_rate_mu,580.219271983784,929.0124184764603,-0.008547514162082603,580.219271983784
4,split_ball_drop_20+split_ball_drop_20+split_ball_drop_20+split_ball_drop_20,555.6409668065365,932.3236174925254,-0.007961037496717116,555.6409668065365
4,split_ball_drop_20+split_ball_drop_20+split_ball_drop_20+split_ball_rate_mu,585.3804248274197,934.5825071148895,-0.007948480391982038,585.3804248274197
4,split_ball_drop_20+split_ball_drop_20+split_ball_drop_20+split_ball_rate_mu,578.4838500277112,892.8167899353246,-0.011016858564419862,578.4838500277112
4,split_ball_drop_20+split_ball_drop_20+split_ball_drop_20+split_ball_rate_mu,575.7582744933986,912.5470785141365,-0.009670973062814087,575.7582744933986
4,split_ball_drop_20+split_ball_drop_20+split_ball_drop_20+split_ball_drop_20,560.3453622720855,969.2889182182473,-0.0007799867846350894,560.3453622720855
4,split_ball_drop_20+split_ball_drop_20+split_ball_drop_20+split_ball_drop_20,553.516414787536,964.7507817369672,-0.003972738351649685,553.516414787536
4,split_ball_drop_20+split_ball_drop_20+split_ball_drop_20+split_ball_rate_mu,579.4520694800465,966.6654670904662,-0.003954264683710462,579.4520694800465
4,split_ball_drop_20+split_ball_drop_20+split_ball_drop_20+split_ball_drop_20,546.8007269228469,968.5599665803957,-0.002574035965916932,546.8007269228469
4,split_ball_drop_20+split_ball_drop_20+split_ball_drop_20+split_ball_rate_mu,572.3302038669664,970.4934584522484,-0.0025543610968162267,572.3302038669664
4,split_ball_drop_20+split_ball_drop_20+split_ball_drop_20+split_ball_rate_mu,567.2838537736591,956.2832668202237,-0.0057187934192204914,567.2838537736591
4,split_ball_drop_20+split_ball_drop_20+split_ball_drop_20+split_ball_drop_20,546.0074398269344,956.6542050028271,-0.005126345403911825,546.0074398269344
4,split_ball_drop_20+split_ball_drop_20+split_ball_drop_20+split_ball_rate_mu,575.6798339330071,958.6886594005196,-0.005109726323565211,575.6798339330071
4,split_ball_drop_20+split_ball_drop_20+split_ball_drop_20+split_ball_rate_mu,569.4185494604098,930.9661026997595,-0.00822830698827029,569.4185494604098
4,split_ball_drop_20+split_ball_drop_20+split_ball_drop_20+split_ball_rate_mu,562.715117421575,944.9421272782698,-0.006862089780194841,562.715117421575
4,split_ball_drop_20+split_ball_drop_20+split_ball_drop_20+split_ball_drop_20,545.0810225186675,961.3418647123284,-0.003560253782132372,545.0810225186675
4,split_ball_drop_20+split_ball_drop_20+split_ball_drop_20+split_ball_rate_mu,570.6605208120275,963.2551991746841,-0.0035415564126225485,570.6605208120275
4,split_ball_drop_20+split_ball_drop_20+split_ball_drop_20+split_ball_rate_mu,565.3427023455171,944.1498602978937,-0.006689047751238464,565.3427023455171
4,split_ball_drop_20+split_ball_drop_20+split_ball_drop_20+split_ball_rate_mu,552.6375414406482,953.3337993632429,-0.00530672204814997,552.6375414406482
4,split_ball_drop_20+split_ball_drop_20+split_ball_drop_20+split_ball_rate_mu,559.5613384913323,930.7894000317395,-0.0078245842583953,559.5613384913323
