axis,axis_title,lam,fit,eval,scope,n_bins,bss,delta,bss_self,w
(전역),(전역 가중 하나),0.0,2022,2024,all,1,845.2416939894403,0.0,929.0643592867576,0.101 0.874 0.024 0.000
a1_count,A1 볼카운트,0.0,2022,2024,all,12,845.2416939894403,0.0,845.2416939894403,
a1_count,A1 볼카운트,0.25,2022,2024,all,12,847.2193164946518,1.9776225052115706,881.9242760548796,
a1_count,A1 볼카운트,0.5,2022,2024,all,12,848.730250974139,3.488556984698789,910.5366437944351,
a1_count,A1 볼카운트,0.75,2022,2024,all,12,849.7744974279797,4.532803438539418,931.078797208229,
a1_count,A1 볼카운트,1.0,2022,2024,all,12,850.3520558561183,5.11036186667809,943.5507362961948,
a1b_phase,A1b 카운트 국면,0.0,2022,2024,all,7,845.2416939894403,0.0,845.2416939894403,
a1b_phase,A1b 카운트 국면,0.25,2022,2024,all,7,846.2125304905421,0.9708365011018714,881.2626725773654,
a1b_phase,A1b 카운트 국면,0.5,2022,2024,all,7,846.9701182161615,1.7284242267212448,909.3328192950501,
a1b_phase,A1b 카운트 국면,0.75,2022,2024,all,7,847.5144571663318,2.2727631768915444,929.4521341425499,
a1b_phase,A1b 카운트 국면,1.0,2022,2024,all,7,847.8455473410196,2.603853351579346,941.620617119776,
a2_li,A2 경기 중요도 li,0.0,2022,2024,all,6,845.2416939894403,0.0,845.2416939894403,
a2_li,A2 경기 중요도 li,0.25,2022,2024,all,6,845.9889451846392,0.7472511951989418,880.5697208454477,
a2_li,A2 경기 중요도 li,0.5,2022,2024,all,6,846.5052038408417,1.263509851401409,907.1164941660048,
a2_li,A2 경기 중요도 li,0.75,2022,2024,all,6,846.7904699579254,1.548775968485188,924.8820139510783,
a2_li,A2 경기 중요도 li,1.0,2022,2024,all,6,846.844743536046,1.6030495466058028,933.8662802007013,
a3_load,A3 전시즌 경기당 대비 등판 투구수,0.0,2022,2024,all,8,845.2416939894403,0.0,845.2416939894403,
a3_load,A3 전시즌 경기당 대비 등판 투구수,0.25,2022,2024,all,8,845.7490022427461,0.5073082533058368,880.9545880281933,
a3_load,A3 전시즌 경기당 대비 등판 투구수,0.5,2022,2024,all,8,846.1433270013363,0.9016330118960241,908.4030106327856,
a3_load,A3 전시즌 경기당 대비 등판 투구수,0.75,2022,2024,all,8,846.4246682651666,1.1829742757263375,927.5869618031506,
a3_load,A3 전시즌 경기당 대비 등판 투구수,1.0,2022,2024,all,8,846.5930260341814,1.3513320447411843,938.5064415393884,
a3b_gp,A3b 등판 내 투구수,0.0,2022,2024,all,6,845.2416939894403,0.0,845.2416939894403,
a3b_gp,A3b 등판 내 투구수,0.25,2022,2024,all,6,846.4430677019741,1.2013737125338366,879.403931549283,
a3b_gp,A3b 등판 내 투구수,0.5,2022,2024,all,6,847.4914399131505,2.249745923710293,905.4851406592346,
a3b_gp,A3b 등판 내 투구수,0.75,2022,2024,all,6,848.3868106229364,3.1451166334961727,923.4853213193062,
a3b_gp,A3b 등판 내 투구수,1.0,2022,2024,all,6,849.1291798313316,3.887485841891362,933.4044735295199,
a4_prevp,A4 전시즌 투구수,0.0,2022,2024,all,7,845.2416939894403,0.0,845.2416939894403,
a4_prevp,A4 전시즌 투구수,0.25,2022,2024,all,7,846.0737757294279,0.8320817399876432,880.8300307075689,
a4_prevp,A4 전시즌 투구수,0.5,2022,2024,all,7,846.6278742713218,1.3861802818815931,908.0603053456038,
a4_prevp,A4 전시즌 투구수,0.75,2022,2024,all,7,846.9039896151331,1.6622956256928774,926.9325179036447,
a4_prevp,A4 전시즌 투구수,1.0,2022,2024,all,7,846.9021217607842,1.6604277713439615,937.4466683816252,
a5_asofn,A5 투수 누적 이력,0.0,2022,2024,all,6,845.2416939894403,0.0,845.2416939894403,
a5_asofn,A5 투수 누적 이력,0.25,2022,2024,all,6,844.9523519642455,-0.28934202519474184,880.8765047123801,
a5_asofn,A5 투수 누적 이력,0.5,2022,2024,all,6,844.3514022709486,-0.8902917184916532,907.5687087747308,
a5_asofn,A5 투수 누적 이력,0.75,2022,2024,all,6,843.4388449095054,-1.8028490799348447,925.3183061765924,
a5_asofn,A5 투수 누적 이력,1.0,2022,2024,all,6,842.2146798800045,-3.027014109435754,934.1252969178648,
a6_psucc,A6 투수 수준 5분위,0.0,2022,2024,all,5,845.2416939894403,0.0,845.2416939894403,
a6_psucc,A6 투수 수준 5분위,0.25,2022,2024,all,5,848.1623206766486,2.920626687208369,879.6892803973444,
a6_psucc,A6 투수 수준 5분위,0.5,2022,2024,all,5,850.5656043035992,5.323910314158979,905.6877112210703,
a6_psucc,A6 투수 수준 5분위,0.75,2022,2024,all,5,852.4515448702364,7.209850880796125,923.2369864606294,
a6_psucc,A6 투수 수준 5분위,1.0,2022,2024,all,5,853.8201423765602,8.57844838711992,932.3371061160545,
a7_inning,A7 이닝,0.0,2022,2024,all,4,845.2416939894403,0.0,845.2416939894403,
a7_inning,A7 이닝,0.25,2022,2024,all,4,845.6972752987068,0.45558130926656304,879.5186623179685,
a7_inning,A7 이닝,0.5,2022,2024,all,4,846.0231227676029,0.781428778162649,905.4534137630466,
a7_inning,A7 이닝,0.75,2022,2024,all,4,846.219236396184,0.977542406743737,923.0459483247411,
a7_inning,A7 이닝,1.0,2022,2024,all,4,846.2856161844168,1.043922194976517,932.2962660029855,
a8_hand,A8 손 매치업,0.0,2022,2024,all,4,845.2416939894403,0.0,845.2416939894403,
a8_hand,A8 손 매치업,0.25,2022,2024,all,4,846.8893100460284,1.6476160565881628,879.9677979755893,
a8_hand,A8 손 매치업,0.5,2022,2024,all,4,848.3057316446274,3.0640376551871213,906.0418910462942,
a8_hand,A8 손 매치업,0.75,2022,2024,all,4,849.4909587852705,4.2492647958303,923.4639732015992,
a8_hand,A8 손 매치업,1.0,2022,2024,all,4,850.4449914679913,5.203297478551008,932.2340444414823,
a9_batn,A9 타자 누적 이력,0.0,2022,2024,all,5,845.2416939894403,0.0,845.2416939894403,
a9_batn,A9 타자 누적 이력,0.25,2022,2024,all,5,848.6730554022937,3.431361412853448,880.0781765274435,
a9_batn,A9 타자 누적 이력,0.5,2022,2024,all,5,851.9321585018114,6.690464512371136,906.357197214469,
a9_batn,A9 타자 누적 이력,0.75,2022,2024,all,5,855.0190032879711,9.777309298530895,924.0787560505393,
a9_batn,A9 타자 누적 이력,1.0,2022,2024,all,5,857.9335897608398,12.691895771399572,933.2428530356873,
a10_base,A10 주자 상황,0.0,2022,2024,all,8,845.2416939894403,0.0,845.2416939894403,
a10_base,A10 주자 상황,0.25,2022,2024,all,8,845.1730874469821,-0.06860654245815567,879.3838008601895,
a10_base,A10 주자 상황,0.5,2022,2024,all,8,844.7887022690836,-0.4529917203566356,905.4543560494288,
a10_base,A10 주자 상황,0.75,2022,2024,all,8,844.0885384557562,-1.153155533684071,923.4533595573135,
a10_base,A10 주자 상황,1.0,2022,2024,all,8,843.0725960069663,-2.1690979824739998,933.3808113836883,
a11_typemo,A11 game_type x 월블록,0.0,2022,2024,all,6,845.2416939894403,0.0,845.2416939894403,
a11_typemo,A11 game_type x 월블록,0.25,2022,2024,all,6,852.509490294584,7.267796305143747,884.0016965646291,
a11_typemo,A11 game_type x 월블록,0.5,2022,2024,all,6,858.6447835115418,13.403089522101595,912.9186180112936,
a11_typemo,A11 game_type x 월블록,0.75,2022,2024,all,6,863.6475736403581,18.405879650917882,931.9924583295114,
a11_typemo,A11 game_type x 월블록,1.0,2022,2024,all,6,867.5178606809997,22.27616669155941,941.223217519227,
a12_role,A12 투수 역할(전시즌),0.0,2022,2024,all,4,845.2416939894403,0.0,845.2416939894403,
a12_role,A12 투수 역할(전시즌),0.25,2022,2024,all,4,844.1708528319491,-1.0708411574911452,879.4913126777493,
a12_role,A12 투수 역할(전시즌),0.5,2022,2024,all,4,843.0193797498764,-2.2223142395638433,905.77611523317,
a12_role,A12 투수 역할(전시즌),0.75,2022,2024,all,4,841.7872747431664,-3.454419246273801,924.0961016557026,
a12_role,A12 투수 역할(전시즌),1.0,2022,2024,all,4,840.4745378118306,-4.76715617760965,934.4512719454134,
a13_tens,A13 이닝 x 점수차,0.0,2022,2024,all,9,845.2416939894403,0.0,845.2416939894403,
a13_tens,A13 이닝 x 점수차,0.25,2022,2024,all,9,846.8331437429977,1.5914497535574128,880.1140185345391,
a13_tens,A13 이닝 x 점수차,0.5,2022,2024,all,9,848.1308650162056,2.8891710267653252,906.8954038956579,
a13_tens,A13 이닝 x 점수차,0.75,2022,2024,all,9,849.1348578091084,3.893163819668189,925.5858500728631,
a13_tens,A13 이닝 x 점수차,1.0,2022,2024,all,9,849.8451221217063,4.603428132266004,936.1853570661438,
(전역),(전역 가중 하나),0.0,2022,2024,R,1,872.9650910865528,0.0,940.2506080823936,0.153 0.831 0.000 0.016
a1_count,A1 볼카운트,0.0,2022,2024,R,12,872.9650910865528,0.0,872.9650910865528,
a1_count,A1 볼카운트,0.25,2022,2024,R,12,874.2870284709547,1.3219373844019628,902.7951806387158,
a1_count,A1 볼카운트,0.5,2022,2024,R,12,874.9314393464047,1.966348259851884,925.7464452114506,
a1_count,A1 볼카운트,0.75,2022,2024,R,12,874.8983237127916,1.933232626238805,941.8188848047126,
a1_count,A1 볼카운트,1.0,2022,2024,R,12,874.1876815701821,1.2225904836293466,951.0124994185687,
a1b_phase,A1b 카운트 국면,0.0,2022,2024,R,7,872.9650910865528,0.0,872.9650910865528,
a1b_phase,A1b 카운트 국면,0.25,2022,2024,R,7,874.2091754153857,1.2440843288329688,902.5611285325751,
a1b_phase,A1b 카운트 국면,0.5,2022,2024,R,7,875.1199812996879,2.154890213135104,925.3091778104516,
a1b_phase,A1b 카운트 국면,0.75,2022,2024,R,7,875.6975087394592,2.732417652906406,941.209238920171,
a1b_phase,A1b 카운트 국면,1.0,2022,2024,R,7,875.9417577346884,2.9766666481356197,950.2613118617443,
a2_li,A2 경기 중요도 li,0.0,2022,2024,R,6,872.9650910865528,0.0,872.9650910865528,
a2_li,A2 경기 중요도 li,0.25,2022,2024,R,6,873.8555649851709,0.8904738986180973,904.0705122984605,
a2_li,A2 경기 중요도 li,0.5,2022,2024,R,6,874.3181156257162,1.3530245391634708,927.2451352257405,
a2_li,A2 경기 중요도 li,0.75,2022,2024,R,6,874.3527430081443,1.387651921591555,942.4889598684816,
a2_li,A2 경기 중요도 li,1.0,2022,2024,R,6,873.9594471324219,0.9943560458691536,949.8019862265838,
a3_load,A3 전시즌 경기당 대비 등판 투구수,0.0,2022,2024,R,8,872.9650910865528,0.0,872.9650910865528,
a3_load,A3 전시즌 경기당 대비 등판 투구수,0.25,2022,2024,R,8,875.0963391868427,2.131248100289895,904.17493930669,
a3_load,A3 전시즌 경기당 대비 등판 투구수,0.5,2022,2024,R,8,876.9124689313346,3.9473778447818404,928.0448881501924,
a3_load,A3 전시즌 경기당 대비 등판 투구수,0.75,2022,2024,R,8,878.4134803200949,5.448389233542116,944.5749376169932,
a3_load,A3 전시즌 경기당 대비 등판 투구수,1.0,2022,2024,R,8,879.5993733530238,6.634282266471018,953.7650877071591,
a3b_gp,A3b 등판 내 투구수,0.0,2022,2024,R,6,872.9650910865528,0.0,872.9650910865528,
a3b_gp,A3b 등판 내 투구수,0.25,2022,2024,R,6,874.2059790931345,1.240888006581713,901.9562023349637,
a3b_gp,A3b 등판 내 투구수,0.5,2022,2024,R,6,875.0749616368458,2.109870550293067,923.8191085081837,
a3b_gp,A3b 등판 내 투구수,0.75,2022,2024,R,6,875.5720387176535,2.606947631100752,938.553809606224,
a3b_gp,A3b 등판 내 투구수,1.0,2022,2024,R,6,875.6972103355465,2.7321192489937403,946.1603056291513,
a4_prevp,A4 전시즌 투구수,0.0,2022,2024,R,7,872.9650910865528,0.0,872.9650910865528,
a4_prevp,A4 전시즌 투구수,0.25,2022,2024,R,7,877.5047870755448,4.53969598899198,905.1030887433197,
a4_prevp,A4 전시즌 투구수,0.5,2022,2024,R,7,880.9171620624002,7.952070975847391,929.5435208343083,
a4_prevp,A4 전시즌 투구수,0.75,2022,2024,R,7,883.2022160471408,10.237124960588062,946.2863873595073,
a4_prevp,A4 전시즌 투구수,1.0,2022,2024,R,7,884.3599490297449,11.394857943192164,955.3316883189167,
a5_asofn,A5 투수 누적 이력,0.0,2022,2024,R,6,872.9650910865528,0.0,872.9650910865528,
a5_asofn,A5 투수 누적 이력,0.25,2022,2024,R,6,873.0177199386846,0.05262885213187474,902.3803912394657,
a5_asofn,A5 투수 누적 이력,0.5,2022,2024,R,6,872.6339951715345,-0.3310959150182953,924.4250412225541,
a5_asofn,A5 투수 누적 이력,0.75,2022,2024,R,6,871.8139167850247,-1.1511743015280445,939.0990410357958,
a5_asofn,A5 투수 누적 이력,1.0,2022,2024,R,6,870.5574847792997,-2.407606307253104,946.402390679213,
a6_psucc,A6 투수 수준 5분위,0.0,2022,2024,R,5,872.9650910865528,0.0,872.9650910865528,
a6_psucc,A6 투수 수준 5분위,0.25,2022,2024,R,5,874.2124857678779,1.2473946813250905,901.919721716804,
a6_psucc,A6 투수 수준 5분위,0.5,2022,2024,R,5,874.8369502418751,1.8718591553223405,923.3974117172861,
a6_psucc,A6 투수 수준 5분위,0.75,2022,2024,R,5,874.8384845086221,1.8733934220692845,937.3981610879766,
a6_psucc,A6 투수 수준 5분위,1.0,2022,2024,R,5,874.2170885681411,1.2519974815883188,943.9219698290091,
a7_inning,A7 이닝,0.0,2022,2024,R,4,872.9650910865528,0.0,872.9650910865528,
a7_inning,A7 이닝,0.25,2022,2024,R,4,873.5408762528873,0.5757851663345264,902.3810020481471,
a7_inning,A7 이닝,0.5,2022,2024,R,4,873.6866938701904,0.7216027836376497,924.2531576229562,
a7_inning,A7 이닝,0.75,2022,2024,R,4,873.4025439383952,0.43745285184240856,938.5815578108914,
a7_inning,A7 이닝,1.0,2022,2024,R,4,872.6884264575019,-0.2766646290508561,945.3662026120523,
a8_hand,A8 손 매치업,0.0,2022,2024,R,4,872.9650910865528,0.0,872.9650910865528,
a8_hand,A8 손 매치업,0.25,2022,2024,R,4,873.9956822940931,1.030591207540283,901.3870169898186,
a8_hand,A8 손 매치업,0.5,2022,2024,R,4,874.9237694884893,1.9586784019364814,922.7074415829595,
a8_hand,A8 손 매치업,0.75,2022,2024,R,4,875.7493526697524,2.7842615831996227,936.9263648659643,
a8_hand,A8 손 매치업,1.0,2022,2024,R,4,876.4724318378713,3.5073407513185657,944.043786838833,
a9_batn,A9 타자 누적 이력,0.0,2022,2024,R,5,872.9650910865528,0.0,872.9650910865528,
a9_batn,A9 타자 누적 이력,0.25,2022,2024,R,5,873.8260668100572,0.8609757235044526,900.9161995955251,
a9_batn,A9 타자 누적 이력,0.5,2022,2024,R,5,874.552848383936,1.5877572973831775,921.5414305249636,
a9_batn,A9 타자 누적 이력,0.75,2022,2024,R,5,875.145435808189,2.1803447216361747,934.840783874924,
a9_batn,A9 타자 누적 이력,1.0,2022,2024,R,5,875.6038290828716,2.6387379963188096,940.8142596453284,
a10_base,A10 주자 상황,0.0,2022,2024,R,8,872.9650910865528,0.0,872.9650910865528,
a10_base,A10 주자 상황,0.25,2022,2024,R,8,874.2528093781954,1.2877182916425909,902.7911461343297,
a10_base,A10 주자 상황,0.5,2022,2024,R,8,875.0148768771115,2.049785790558758,925.2092666183986,
a10_base,A10 주자 상황,0.75,2022,2024,R,8,875.2512935832013,2.2862024966485706,940.2194525387042,
a10_base,A10 주자 상황,1.0,2022,2024,R,8,874.9620594964869,1.9969684099340839,947.8217038953129,
a11_typemo,A11 game_type x 월블록,0.0,2022,2024,R,3,872.9650910865528,0.0,872.9650910865528,
a11_typemo,A11 game_type x 월블록,0.25,2022,2024,R,3,875.725692219298,2.7606011327452507,901.5441689173342,
a11_typemo,A11 game_type x 월블록,0.5,2022,2024,R,3,877.8631452498354,4.898054163282609,922.7212635016801,
a11_typemo,A11 game_type x 월블록,0.75,2022,2024,R,3,879.3774501781315,6.4123590915787645,936.4963748396682,
a11_typemo,A11 game_type x 월블록,1.0,2022,2024,R,3,880.2686070042643,7.303515917711479,942.8695029312096,
a12_role,A12 투수 역할(전시즌),0.0,2022,2024,R,4,872.9650910865528,0.0,872.9650910865528,
a12_role,A12 투수 역할(전시즌),0.25,2022,2024,R,4,873.7150546465067,0.749963559953926,903.1438711979533,
a12_role,A12 투수 역할(전시즌),0.5,2022,2024,R,4,874.2127021296286,1.2476110430758354,926.0883271023923,
a12_role,A12 투수 역할(전시즌),0.75,2022,2024,R,4,874.4580335359409,1.4929424493881243,941.7984587998918,
a12_role,A12 투수 역할(전시즌),1.0,2022,2024,R,4,874.4510488653989,1.4859577788461138,950.2742662903962,
a13_tens,A13 이닝 x 점수차,0.0,2022,2024,R,9,872.9650910865528,0.0,872.9650910865528,
a13_tens,A13 이닝 x 점수차,0.25,2022,2024,R,9,876.08117404675,3.116082960197218,903.577124277366,
a13_tens,A13 이닝 x 점수차,0.5,2022,2024,R,9,878.5983440925737,5.6332530060209365,926.7909983003642,
a13_tens,A13 이닝 x 점수차,0.75,2022,2024,R,9,880.5166012239906,7.551510137437845,942.6067131556138,
a13_tens,A13 이닝 x 점수차,1.0,2022,2024,R,9,881.835945441034,8.870854354481253,951.024268843037,
(전역),(전역 가중 하나),0.0,2024,2022,all,1,2380.2559005979274,0.0,2500.964970803665,0.785 0.000 0.157 0.058
a1_count,A1 볼카운트,0.0,2024,2022,all,12,2380.2559005979274,0.0,2380.2559005979274,
a1_count,A1 볼카운트,0.25,2024,2022,all,12,2384.368580266083,4.112679668155579,2432.99589937197,
a1_count,A1 볼카운트,0.5,2024,2022,all,12,2386.530605169035,6.274704571107577,2471.8062986705313,
a1_count,A1 볼카운트,0.75,2024,2022,all,12,2386.7419753067165,6.486074708789147,2496.687098493577,
a1_count,A1 볼카운트,1.0,2024,2022,all,12,2385.002690679183,4.746790081255767,2507.6382988411415,
a1b_phase,A1b 카운트 국면,0.0,2024,2022,all,7,2380.2559005979274,0.0,2380.2559005979274,
a1b_phase,A1b 카운트 국면,0.25,2024,2022,all,7,2384.031493032612,3.775592434684768,2432.4134295248377,
a1b_phase,A1b 카운트 국면,0.5,2024,2022,all,7,2386.253687272788,5.997786674860436,2470.4483821383237,
a1b_phase,A1b 카운트 국면,0.75,2024,2022,all,7,2386.9224833183766,6.666582720449242,2494.360758438441,
a1b_phase,A1b 카운트 국면,1.0,2024,2022,all,7,2386.0378811693563,5.781980571428903,2504.1505584251113,
a2_li,A2 경기 중요도 li,0.0,2024,2022,all,6,2380.2559005979274,0.0,2380.2559005979274,
a2_li,A2 경기 중요도 li,0.25,2024,2022,all,6,2380.1206421321663,-0.135258465761126,2432.8081564207737,
a2_li,A2 경기 중요도 li,0.5,2024,2022,all,6,2379.283782910857,-0.9721176870702948,2470.987296689464,
a2_li,A2 경기 중요도 li,0.75,2024,2022,all,6,2377.745322934011,-2.5105776639165924,2494.7933214038985,
a2_li,A2 경기 중요도 li,1.0,2024,2022,all,6,2375.505262201516,-4.750638396411432,2504.226230564244,
a3_load,A3 전시즌 경기당 대비 등판 투구수,0.0,2024,2022,all,8,2380.2559005979274,0.0,2380.2559005979274,
a3_load,A3 전시즌 경기당 대비 등판 투구수,0.25,2024,2022,all,8,2382.2953596870034,2.03945908907599,2432.3022326920072,
a3_load,A3 전시즌 경기당 대비 등판 투구수,0.5,2024,2022,all,8,2383.237490453649,2.9815898557217224,2470.0499450233115,
a3_load,A3 전시즌 경기당 대비 등판 투구수,0.75,2024,2022,all,8,2383.0822928978314,2.8263922999040005,2493.4990375919397,
a3_load,A3 전시즌 경기당 대비 등판 투구수,1.0,2024,2022,all,8,2381.8297670195498,1.5738664216223697,2502.649510397792,
a3b_gp,A3b 등판 내 투구수,0.0,2024,2022,all,6,2380.2559005979274,0.0,2380.2559005979274,
a3b_gp,A3b 등판 내 투구수,0.25,2024,2022,all,6,2383.321513546388,3.0656129484605117,2432.461362535243,
a3b_gp,A3b 등판 내 투구수,0.5,2024,2022,all,6,2385.7415049775454,5.485604379618053,2470.3683293573085,
a3b_gp,A3b 등판 내 투구수,0.75,2024,2022,all,6,2387.5158748912663,7.259974293338928,2493.9768010640573,
a3b_gp,A3b 등판 내 투구수,1.0,2024,2022,all,6,2388.6446232876724,8.38872268974501,2503.2867776555336,
a4_prevp,A4 전시즌 투구수,0.0,2024,2022,all,7,2380.2559005979274,0.0,2380.2559005979274,
a4_prevp,A4 전시즌 투구수,0.25,2024,2022,all,7,2384.1776338838104,3.921733285882965,2432.814784508497,
a4_prevp,A4 전시즌 투구수,0.5,2024,2022,all,7,2387.061010563396,6.805109965468546,2471.3694075337635,
a4_prevp,A4 전시즌 투구수,0.75,2024,2022,all,7,2388.9060306366505,8.650130038723091,2495.919769673738,
a4_prevp,A4 전시즌 투구수,1.0,2024,2022,all,7,2389.712694103607,9.456793505679798,2506.4658709284536,
a5_asofn,A5 투수 누적 이력,0.0,2024,2022,all,6,2380.2559005979274,0.0,2380.2559005979274,
a5_asofn,A5 투수 누적 이력,0.25,2024,2022,all,6,2380.086452095409,-0.16944850251820753,2432.8642205804217,
a5_asofn,A5 투수 누적 이력,0.5,2024,2022,all,6,2379.255142275749,-1.0007583221781715,2471.2776008849137,
a5_asofn,A5 투수 누적 이력,0.75,2024,2022,all,6,2377.761971138925,-2.4939294590021746,2495.496041511369,
a5_asofn,A5 투수 누적 이력,1.0,2024,2022,all,6,2375.606938684971,-4.648961912956565,2505.519542459844,
a6_psucc,A6 투수 수준 5분위,0.0,2024,2022,all,5,2380.2559005979274,0.0,2380.2559005979274,
a6_psucc,A6 투수 수준 5분위,0.25,2024,2022,all,5,2380.663396883298,0.40749628537059834,2432.7070284050233,
a6_psucc,A6 투수 수준 5분위,0.5,2024,2022,all,5,2380.6349368541314,0.37903625620401726,2471.141957853451,
a6_psucc,A6 투수 수준 5분위,0.75,2024,2022,all,5,2380.170520510461,-0.08538008746654668,2495.5606889432324,
a6_psucc,A6 투수 수준 5분위,1.0,2024,2022,all,5,2379.270147852297,-0.9857527456301796,2505.9632216743344,
a7_inning,A7 이닝,0.0,2024,2022,all,4,2380.2559005979274,0.0,2380.2559005979274,
a7_inning,A7 이닝,0.25,2024,2022,all,4,2379.7571370859914,-0.49876351193597657,2432.478346143796,
a7_inning,A7 이닝,0.5,2024,2022,all,4,2378.8336851445433,-1.4222154533840694,2470.3035899672823,
a7_inning,A7 이닝,0.75,2024,2022,all,4,2377.485544773661,-2.7703558242665167,2493.73163206843,
a7_inning,A7 이닝,1.0,2024,2022,all,4,2375.7127159733104,-4.54318462461697,2502.7624724472507,
a8_hand,A8 손 매치업,0.0,2024,2022,all,4,2380.2559005979274,0.0,2380.2559005979274,
a8_hand,A8 손 매치업,0.25,2024,2022,all,4,2380.407642570681,0.1517419727538254,2432.9658899986175,
a8_hand,A8 손 매치업,0.5,2024,2022,all,4,2380.131354626147,-0.12454597178020776,2471.086315302329,
a8_hand,A8 손 매치업,0.75,2024,2022,all,4,2379.427036764392,-0.8288638335352516,2494.6171765090953,
a8_hand,A8 손 매치업,1.0,2024,2022,all,4,2378.294688985405,-1.96121161252222,2503.5584736188275,
a9_batn,A9 타자 누적 이력,0.0,2024,2022,all,5,2380.2559005979274,0.0,2380.2559005979274,
a9_batn,A9 타자 누적 이력,0.25,2024,2022,all,5,2383.4408203076805,3.1849197097531032,2432.263206398333,
a9_batn,A9 타자 누적 이력,0.5,2024,2022,all,5,2385.9837433096163,5.727842711688936,2470.107661833465,
a9_batn,A9 타자 누적 이력,0.75,2024,2022,all,5,2387.8846696036794,7.628769005752019,2493.7892669031903,
a9_batn,A9 타자 누적 이력,1.0,2024,2022,all,5,2389.143599189847,8.887698591919616,2503.3080216076087,
a10_base,A10 주자 상황,0.0,2024,2022,all,8,2380.2559005979274,0.0,2380.2559005979274,
a10_base,A10 주자 상황,0.25,2024,2022,all,8,2381.5265966906195,1.2706960926921056,2432.9621766331243,
a10_base,A10 주자 상황,0.5,2024,2022,all,8,2382.175540772091,1.91964017416376,2471.477642900077,
a10_base,A10 주자 상황,0.75,2024,2022,all,8,2382.20273284242,1.9468322444927253,2495.802299398653,
a10_base,A10 주자 상황,1.0,2024,2022,all,8,2381.6081729015173,1.3522723035898707,2505.936146128962,
a11_typemo,A11 game_type x 월블록,0.0,2024,2022,all,6,2380.2559005979274,0.0,2380.2559005979274,
a11_typemo,A11 game_type x 월블록,0.25,2024,2022,all,6,2391.7037394259323,11.447838828004933,2431.898727266313,
a11_typemo,A11 game_type x 월블록,0.5,2024,2022,all,6,2400.385389589865,20.129488991937706,2472.405336086192,
a11_typemo,A11 game_type x 월블록,0.75,2024,2022,all,6,2406.300851089682,26.044950491754662,2501.7757270575758,
a11_typemo,A11 game_type x 월블록,1.0,2024,2022,all,6,2409.450123925505,29.194223327577674,2520.009900180431,
a12_role,A12 투수 역할(전시즌),0.0,2024,2022,all,4,2380.2559005979274,0.0,2380.2559005979274,
a12_role,A12 투수 역할(전시즌),0.25,2024,2022,all,4,2383.7494531892544,3.4935525913269885,2432.5876889363494,
a12_role,A12 투수 역할(전시즌),0.5,2024,2022,all,4,2386.5398367429734,6.283936145046027,2470.3365581376647,
a12_role,A12 투수 역할(전시즌),0.75,2024,2022,all,4,2388.6270512590736,8.371150661146203,2493.50250820185,
a12_role,A12 투수 역할(전시즌),1.0,2024,2022,all,4,2390.011096737532,9.755196139604777,2502.085539128918,
a13_tens,A13 이닝 x 점수차,0.0,2024,2022,all,9,2380.2559005979274,0.0,2380.2559005979274,
a13_tens,A13 이닝 x 점수차,0.25,2024,2022,all,9,2381.193258523473,0.9373579255457116,2431.667403574744,
a13_tens,A13 이닝 x 점수차,0.5,2024,2022,all,9,2381.2902768708623,1.0343762729348782,2469.7453867780773,
a13_tens,A13 이닝 x 점수차,0.75,2024,2022,all,9,2380.546955640106,0.2910550421784137,2494.4898502079036,
a13_tens,A13 이닝 x 점수차,1.0,2024,2022,all,9,2378.9632948312046,-1.2926057667227724,2505.9007938642576,
(전역),(전역 가중 하나),0.0,2024,2022,R,1,692.6784390040575,0.0,756.820124496127,0.836 0.000 0.059 0.104
a1_count,A1 볼카운트,0.0,2024,2022,R,12,692.6784390040575,0.0,692.6784390040575,
a1_count,A1 볼카운트,0.25,2024,2022,R,12,695.7068814051448,3.028442401087318,722.5251395852173,
a1_count,A1 볼카운트,0.5,2024,2022,R,12,697.4829622523604,4.804523248302871,744.3590158677794,
a1_count,A1 볼카운트,0.75,2024,2022,R,12,698.0066815456487,5.32824254159118,758.1800678517325,
a1_count,A1 볼카운트,1.0,2024,2022,R,12,697.278039284932,4.599600280874483,763.988295537088,
a1b_phase,A1b 카운트 국면,0.0,2024,2022,R,7,692.6784390040575,0.0,692.6784390040575,
a1b_phase,A1b 카운트 국면,0.25,2024,2022,R,7,695.927646400496,3.2492073964384645,721.1702058859681,
a1b_phase,A1b 카운트 국면,0.5,2024,2022,R,7,697.9755635954543,5.297124591396823,741.9242719942099,
a1b_phase,A1b 카운트 국면,0.75,2024,2022,R,7,698.8221905889436,6.143751584886104,754.9406373287715,
a1b_phase,A1b 카운트 국면,1.0,2024,2022,R,7,698.4675273810193,5.789088376961786,760.2193018896752,
a2_li,A2 경기 중요도 li,0.0,2024,2022,R,6,692.6784390040575,0.0,692.6784390040575,
a2_li,A2 경기 중요도 li,0.25,2024,2022,R,6,693.2849994474077,0.6065604433501903,721.9490879173396,
a2_li,A2 경기 중요도 li,0.5,2024,2022,R,6,692.6745408338153,-0.0038981702422233866,743.0589409230693,
a2_li,A2 경기 중요도 li,0.75,2024,2022,R,6,690.8470631633801,-1.831375840677424,756.0079980212131,
a2_li,A2 경기 중요도 li,1.0,2024,2022,R,6,687.8025664359689,-4.875872568088653,760.7962592119488,
a3_load,A3 전시즌 경기당 대비 등판 투구수,0.0,2024,2022,R,8,692.6784390040575,0.0,692.6784390040575,
a3_load,A3 전시즌 경기당 대비 등판 투구수,0.25,2024,2022,R,8,696.4939058678788,3.815466863821257,721.0654700987695,
a3_load,A3 전시즌 경기당 대비 등판 투구수,0.5,2024,2022,R,8,699.1769845944185,6.4985455903610045,741.884780566937,
a3_load,A3 전시즌 경기당 대비 등판 투구수,0.75,2024,2022,R,8,700.7276751836655,8.049236179607988,755.1363704085934,
a3_load,A3 전시즌 경기당 대비 등판 투구수,1.0,2024,2022,R,8,701.1459776356421,8.467538631584603,760.8202396237162,
a3b_gp,A3b 등판 내 투구수,0.0,2024,2022,R,6,692.6784390040575,0.0,692.6784390040575,
a3b_gp,A3b 등판 내 투구수,0.25,2024,2022,R,6,693.6414484769226,0.9630094728651102,721.5127942464816,
a3b_gp,A3b 등판 내 투구수,0.5,2024,2022,R,6,693.8341392959013,1.1557002918438002,742.4474764076928,
a3b_gp,A3b 등판 내 투구수,0.75,2024,2022,R,6,693.2565114610156,0.5780724569581253,755.482485487724,
a3b_gp,A3b 등판 내 투구수,1.0,2024,2022,R,6,691.9085649722656,-0.7698740317919146,760.61782148662,
a4_prevp,A4 전시즌 투구수,0.0,2024,2022,R,7,692.6784390040575,0.0,692.6784390040575,
a4_prevp,A4 전시즌 투구수,0.25,2024,2022,R,7,698.236372570471,5.557933566413453,723.1060687512114,
a4_prevp,A4 전시즌 투구수,0.5,2024,2022,R,7,702.3113840497585,9.632945045701035,746.1443433738668,
a4_prevp,A4 전시즌 투구수,0.75,2024,2022,R,7,704.9034734419424,12.225034437884915,761.7932628721013,
a4_prevp,A4 전시즌 투구수,1.0,2024,2022,R,7,706.0126407470002,13.334201742942696,770.0528272458373,
a5_asofn,A5 투수 누적 이력,0.0,2024,2022,R,6,692.6784390040575,0.0,692.6784390040575,
a5_asofn,A5 투수 누적 이력,0.25,2024,2022,R,6,694.7898441661771,2.1114051621195813,721.143214859965,
a5_asofn,A5 투수 누적 이력,0.5,2024,2022,R,6,696.1204141830545,3.4419751789970405,742.0827649419093,
a5_asofn,A5 투수 누적 이력,0.75,2024,2022,R,6,696.6701490547789,3.9917100507213945,755.4970892500123,
a5_asofn,A5 투수 누적 이력,1.0,2024,2022,R,6,696.4390487812722,3.760609777214654,761.3861877841632,
a6_psucc,A6 투수 수준 5분위,0.0,2024,2022,R,5,692.6784390040575,0.0,692.6784390040575,
a6_psucc,A6 투수 수준 5분위,0.25,2024,2022,R,5,693.0609802809906,0.3825412769331251,722.1473254125809,
a6_psucc,A6 투수 수준 5분위,0.5,2024,2022,R,5,693.0955514516723,0.4171124476148407,743.8138971610164,
a6_psucc,A6 투수 수준 5분위,0.75,2024,2022,R,5,692.7821525161138,0.10371351205628798,757.6781542493416,
a6_psucc,A6 투수 수준 5분위,1.0,2024,2022,R,5,692.1207834742926,-0.5576555297649293,763.7400966775898,
a7_inning,A7 이닝,0.0,2024,2022,R,4,692.6784390040575,0.0,692.6784390040575,
a7_inning,A7 이닝,0.25,2024,2022,R,4,692.9249264020054,0.24648739794793073,722.4074370512867,
a7_inning,A7 이닝,0.5,2024,2022,R,4,692.5919117494739,-0.0865272545836433,743.9521386043091,
a7_inning,A7 이닝,0.75,2024,2022,R,4,691.6793950465405,-0.9990439575169603,757.3125436631134,
a7_inning,A7 이닝,1.0,2024,2022,R,4,690.1873762931388,-2.4910627109187544,762.4886522277552,
a8_hand,A8 손 매치업,0.0,2024,2022,R,4,692.6784390040575,0.0,692.6784390040575,
a8_hand,A8 손 매치업,0.25,2024,2022,R,4,694.372192631798,1.6937536277405343,720.8119633264065,
a8_hand,A8 손 매치업,0.5,2024,2022,R,4,695.7052417779553,3.0268027738977707,741.0651271028912,
a8_hand,A8 손 매치업,0.75,2024,2022,R,4,696.6775864424402,3.9991474383826926,753.4379303334338,
a8_hand,A8 손 매치업,1.0,2024,2022,R,4,697.2892266253639,4.610787621306372,757.9303730180675,
a9_batn,A9 타자 누적 이력,0.0,2024,2022,R,4,692.6784390040575,0.0,692.6784390040575,
a9_batn,A9 타자 누적 이력,0.25,2024,2022,R,4,693.6636035362986,0.9851645322411287,720.9987421444297,
a9_batn,A9 타자 누적 이력,0.5,2024,2022,R,4,694.2921869373064,1.6137479332488738,741.4806149920183,
a9_batn,A9 타자 누적 이력,0.75,2024,2022,R,4,694.5641892070809,1.885750203023349,754.1240575468678,
a9_batn,A9 타자 누적 이력,1.0,2024,2022,R,4,694.4796103455997,1.8011713415421582,758.9290698090001,
a10_base,A10 주자 상황,0.0,2024,2022,R,8,692.6784390040575,0.0,692.6784390040575,
a10_base,A10 주자 상황,0.25,2024,2022,R,8,694.3073944223444,1.6289554182868642,721.6864512971322,
a10_base,A10 주자 상황,0.5,2024,2022,R,8,695.1358000680141,2.4573610639565686,743.1540214031029,
a10_base,A10 주자 상황,0.75,2024,2022,R,8,695.1636559411334,2.4852169370758475,757.0811493220031,
a10_base,A10 주자 상황,1.0,2024,2022,R,8,694.39096204158,1.7125230375224874,763.4678350538882,
a11_typemo,A11 game_type x 월블록,0.0,2024,2022,R,3,692.6784390040575,0.0,692.6784390040575,
a11_typemo,A11 game_type x 월블록,0.25,2024,2022,R,3,694.6055861707933,1.9271471667358355,720.818519100741,
a11_typemo,A11 game_type x 월블록,0.5,2024,2022,R,3,696.223320829481,3.544881825423545,742.5341718275358,
a11_typemo,A11 game_type x 월블록,0.75,2024,2022,R,3,697.5316429801647,4.853203976107238,757.8253971844417,
a11_typemo,A11 game_type x 월블록,1.0,2024,2022,R,3,698.5305526228113,5.852113618753833,766.6921951714811,
a12_role,A12 투수 역할(전시즌),0.0,2024,2022,R,4,692.6784390040575,0.0,692.6784390040575,
a12_role,A12 투수 역할(전시즌),0.25,2024,2022,R,4,696.748157137661,4.069718133603487,721.340234457335,
a12_role,A12 투수 역할(전시즌),0.5,2024,2022,R,4,699.7518640375012,7.073425033443641,742.1156158079367,
a12_role,A12 투수 역할(전시즌),0.75,2024,2022,R,4,701.6895597035111,9.011120699453613,755.0045830558627,
a12_role,A12 투수 역할(전시즌),1.0,2024,2022,R,4,702.5612441357132,9.882805131655687,760.0071362010797,
a13_tens,A13 이닝 x 점수차,0.0,2024,2022,R,9,692.6784390040575,0.0,692.6784390040575,
a13_tens,A13 이닝 x 점수차,0.25,2024,2022,R,9,694.1723362788421,1.4938972747845582,720.9980625785928,
a13_tens,A13 이닝 x 점수차,0.5,2024,2022,R,9,694.435162055984,1.7567230519265422,742.5236993059303,
a13_tens,A13 이닝 x 점수차,0.75,2024,2022,R,9,693.4669163354723,0.7884773314148106,757.2553491862477,
a13_tens,A13 이닝 x 점수차,1.0,2024,2022,R,9,691.2675991172956,-1.4108398867618916,765.193012219445,
