axis,axis_title,lam,fit,eval,scope,n_bins,bss,delta,bss_self,best_solo,best_solo_name,vs_solo,w
(전역),(전역 가중 하나),0.0,2022,2024,all,1,852.336070219395,0.0,887.6581082468915,820.9547937182093,cw_v17_base,31.381276501185653,0.717 0.283
a1_count,A1 볼카운트,0.0,2022,2024,all,12,852.336070219395,0.0,852.336070219395,820.9547937182093,cw_v17_base,31.381276501185653,
a1_count,A1 볼카운트,0.25,2022,2024,all,12,850.2211419154637,-2.114928303931265,866.655125014848,820.9547937182093,cw_v17_base,29.266348197254388,
a1_count,A1 볼카운트,0.5,2022,2024,all,12,847.5327015294188,-4.803368689976196,878.3039340075294,820.9547937182093,cw_v17_base,26.577907811209457,
a1_count,A1 볼카운트,0.75,2022,2024,all,12,844.2707490611157,-8.06532115827929,887.282497197428,820.9547937182093,cw_v17_base,23.315955342906364,
a1_count,A1 볼카운트,1.0,2022,2024,all,12,840.4352845106766,-11.900785708718331,893.5908145845772,820.9547937182093,cw_v17_base,19.48049079246732,
a1b_phase,A1b 카운트 국면,0.0,2022,2024,all,7,852.336070219395,0.0,852.336070219395,820.9547937182093,cw_v17_base,31.381276501185653,
a1b_phase,A1b 카운트 국면,0.25,2022,2024,all,7,849.917073376727,-2.4189968426679798,866.593477686195,820.9547937182093,cw_v17_base,28.962279658517673,
a1b_phase,A1b 카운트 국면,0.5,2022,2024,all,7,846.9397330759243,-5.396337143470646,878.1907637785524,820.9547937182093,cw_v17_base,25.984939357715007,
a1b_phase,A1b 카운트 국면,0.75,2022,2024,all,7,843.404049316987,-8.932020902407999,887.1279284965117,820.9547937182093,cw_v17_base,22.449255598777654,
a1b_phase,A1b 카운트 국면,1.0,2022,2024,all,7,839.3100220999261,-13.026048119468896,893.4049718399729,820.9547937182093,cw_v17_base,18.355228381716756,
a2_li,A2 경기 중요도 li,0.0,2022,2024,all,6,852.336070219395,0.0,852.336070219395,820.9547937182093,cw_v17_base,31.381276501185653,
a2_li,A2 경기 중요도 li,0.25,2022,2024,all,6,851.8823447786872,-0.4537254407077853,866.2916333608716,820.9547937182093,cw_v17_base,30.927551060477867,
a2_li,A2 경기 중요도 li,0.5,2022,2024,all,6,850.6165836115964,-1.719486607798558,876.9494883974937,820.9547937182093,cw_v17_base,29.661789893387095,
a2_li,A2 경기 중요도 li,0.75,2022,2024,all,6,848.5387867181893,-3.7972835012056976,884.3096353293722,820.9547937182093,cw_v17_base,27.583992999979955,
a2_li,A2 경기 중요도 li,1.0,2022,2024,all,6,845.6489540984325,-6.687116120962514,888.3720741564626,820.9547937182093,cw_v17_base,24.69416038022314,
a3_load,A3 전시즌 경기당 대비 등판 투구수,0.0,2022,2024,all,8,852.336070219395,0.0,852.336070219395,820.9547937182093,cw_v17_base,31.381276501185653,
a3_load,A3 전시즌 경기당 대비 등판 투구수,0.25,2022,2024,all,8,851.8859973815074,-0.4500728378875465,866.6280332215171,820.9547937182093,cw_v17_base,30.931203663298106,
a3_load,A3 전시즌 경기당 대비 등판 투구수,0.5,2022,2024,all,8,851.2682761610879,-1.0677940583070722,877.648779228557,820.9547937182093,cw_v17_base,30.31348244287858,
a3_load,A3 전시즌 경기당 대비 등판 투구수,0.75,2022,2024,all,8,850.4829065581476,-1.8531636612473221,885.3983082406259,820.9547937182093,cw_v17_base,29.52811283993833,
a3_load,A3 전시즌 경기당 대비 등판 투구수,1.0,2022,2024,all,8,849.5298885726866,-2.80618164670841,889.8766202577013,820.9547937182093,cw_v17_base,28.575094854477243,
a3b_gp,A3b 등판 내 투구수,0.0,2022,2024,all,6,852.336070219395,0.0,852.336070219395,820.9547937182093,cw_v17_base,31.381276501185653,
a3b_gp,A3b 등판 내 투구수,0.25,2022,2024,all,6,851.4598818934238,-0.8761883259711567,866.379953227836,820.9547937182093,cw_v17_base,30.505088175214496,
a3b_gp,A3b 등판 내 투구수,0.5,2022,2024,all,6,850.2689024248333,-2.0671677945616693,877.0452901926795,820.9547937182093,cw_v17_base,29.314108706623983,
a3b_gp,A3b 등판 내 투구수,0.75,2022,2024,all,6,848.7631318136013,-3.572938405793707,884.3320811138922,820.9547937182093,cw_v17_base,27.808338095391946,
a3b_gp,A3b 등판 내 투구수,1.0,2022,2024,all,6,846.9425700597722,-5.393500159622818,888.2403259914962,820.9547937182093,cw_v17_base,25.987776341562835,
a4_prevp,A4 전시즌 투구수,0.0,2022,2024,all,7,852.336070219395,0.0,852.336070219395,820.9547937182093,cw_v17_base,31.381276501185653,
a4_prevp,A4 전시즌 투구수,0.25,2022,2024,all,7,853.9948416088628,1.6587713894678018,866.1760719668066,820.9547937182093,cw_v17_base,33.040047890653454,
a4_prevp,A4 전시즌 투구수,0.5,2022,2024,all,7,854.8355616057712,2.499491386376235,876.9535391707107,820.9547937182093,cw_v17_base,33.88076788756189,
a4_prevp,A4 전시즌 투구수,0.75,2022,2024,all,7,854.8582302101981,2.522159990803175,884.6684718310405,820.9547937182093,cw_v17_base,33.90343649198883,
a4_prevp,A4 전시즌 투구수,1.0,2022,2024,all,7,854.0628474220769,1.7267772026818875,889.3208699478516,820.9547937182093,cw_v17_base,33.10805370386754,
a5_asofn,A5 투수 누적 이력,0.0,2022,2024,all,6,852.336070219395,0.0,852.336070219395,820.9547937182093,cw_v17_base,31.381276501185653,
a5_asofn,A5 투수 누적 이력,0.25,2022,2024,all,6,851.3792849649371,-0.9567852544578273,866.4692527002749,820.9547937182093,cw_v17_base,30.424491246727825,
a5_asofn,A5 투수 누적 이력,0.5,2022,2024,all,6,850.0034454945959,-2.332624724799075,877.1151941902477,820.9547937182093,cw_v17_base,29.048651776386578,
a5_asofn,A5 투수 누적 이력,0.75,2022,2024,all,6,848.208551808316,-4.127518411078995,884.2738946893026,820.9547937182093,cw_v17_base,27.253758090106658,
a5_asofn,A5 투수 누적 이력,1.0,2022,2024,all,6,845.9946039062083,-6.341466313186629,887.9453541973726,820.9547937182093,cw_v17_base,25.039810187999024,
a6_psucc,A6 투수 수준 5분위,0.0,2022,2024,all,5,852.336070219395,0.0,852.336070219395,820.9547937182093,cw_v17_base,31.381276501185653,
a6_psucc,A6 투수 수준 5분위,0.25,2022,2024,all,5,853.5056934861118,1.169623266716826,865.9070423895132,820.9547937182093,cw_v17_base,32.55089976790248,
a6_psucc,A6 투수 수준 5분위,0.5,2022,2024,all,5,854.3421988569721,2.0061286375771488,876.4951691739742,820.9547937182093,cw_v17_base,33.3874051387628,
a6_psucc,A6 투수 수준 5분위,0.75,2022,2024,all,5,854.8455863320759,2.509516112680899,884.1004505728112,820.9547937182093,cw_v17_base,33.89079261386655,
a6_psucc,A6 투수 수준 5분위,1.0,2022,2024,all,5,855.0158559112785,2.6797856918835805,888.722886586013,820.9547937182093,cw_v17_base,34.06106219306923,
a7_inning,A7 이닝,0.0,2022,2024,all,4,852.336070219395,0.0,852.336070219395,820.9547937182093,cw_v17_base,31.381276501185653,
a7_inning,A7 이닝,0.25,2022,2024,all,4,852.8996683395129,0.5635981201179447,867.0157879820284,820.9547937182093,cw_v17_base,31.944874621303597,
a7_inning,A7 이닝,0.5,2022,2024,all,4,853.3596435678636,1.0235733484686307,877.7976006604792,820.9547937182093,cw_v17_base,32.40484984965428,
a7_inning,A7 이닝,0.75,2022,2024,all,4,853.7159959044471,1.3799256850521715,884.6815082548476,820.9547937182093,cw_v17_base,32.761202186237824,
a7_inning,A7 이닝,1.0,2022,2024,all,4,853.9687253492856,1.6326551298906224,887.6675107650001,820.9547937182093,cw_v17_base,33.013931631076275,
a8_hand,A8 손 매치업,0.0,2022,2024,all,4,852.336070219395,0.0,852.336070219395,820.9547937182093,cw_v17_base,31.381276501185653,
a8_hand,A8 손 매치업,0.25,2022,2024,all,4,850.6527536570329,-1.6833165623620516,866.8837439723353,820.9547937182093,cw_v17_base,29.6979599388236,
a8_hand,A8 손 매치업,0.5,2022,2024,all,4,848.6300050658646,-3.7060651535304032,877.911284403432,820.9547937182093,cw_v17_base,27.67521134765525,
a8_hand,A8 손 매치업,0.75,2022,2024,all,4,846.2678244458676,-6.068245773527337,885.4186915126738,820.9547937182093,cw_v17_base,25.313030727658315,
a8_hand,A8 손 매치업,1.0,2022,2024,all,4,843.56621179702,-8.769858422375023,889.4059653000719,820.9547937182093,cw_v17_base,22.61141807881063,
a9_batn,A9 타자 누적 이력,0.0,2022,2024,all,5,852.336070219395,0.0,852.336070219395,820.9547937182093,cw_v17_base,31.381276501185653,
a9_batn,A9 타자 누적 이력,0.25,2022,2024,all,5,852.8588960211025,0.5228258017075404,866.5413501330321,820.9547937182093,cw_v17_base,31.904102302893193,
a9_batn,A9 타자 누적 이력,0.5,2022,2024,all,5,853.029676142969,0.6936059235740686,877.4684447593106,820.9547937182093,cw_v17_base,32.07488242475972,
a9_batn,A9 타자 누적 이력,0.75,2022,2024,all,5,852.8484105849054,0.5123403655104539,885.1173540981749,820.9547937182093,cw_v17_base,31.893616866696107,
a9_batn,A9 타자 누적 이력,1.0,2022,2024,all,5,852.3150993470784,-0.020970872316524947,889.4880781497138,820.9547937182093,cw_v17_base,31.360305628869128,
a10_base,A10 주자 상황,0.0,2022,2024,all,8,852.336070219395,0.0,852.336070219395,820.9547937182093,cw_v17_base,31.381276501185653,
a10_base,A10 주자 상황,0.25,2022,2024,all,8,853.0135543754258,0.6774841560308005,867.2055317420102,820.9547937182093,cw_v17_base,32.05876065721645,
a10_base,A10 주자 상황,0.5,2022,2024,all,8,853.3758204877562,1.0397502683612174,878.5651515318071,820.9547937182093,cw_v17_base,32.42102676954687,
a10_base,A10 주자 상황,0.75,2022,2024,all,8,853.422868556375,1.0867983369799958,886.4149295888745,820.9547937182093,cw_v17_base,32.46807483816565,
a10_base,A10 주자 상황,1.0,2022,2024,all,8,853.1546985811822,0.818628361787205,890.7548659131126,820.9547937182093,cw_v17_base,32.19990486297286,
a11_typemo,A11 game_type x 월블록,0.0,2022,2024,all,6,852.336070219395,0.0,852.336070219395,820.9547937182093,cw_v17_base,31.381276501185653,
a11_typemo,A11 game_type x 월블록,0.25,2022,2024,all,6,854.0412367138317,1.705166494436753,866.549453199239,820.9547937182093,cw_v17_base,33.086442995622406,
a11_typemo,A11 game_type x 월블록,0.5,2022,2024,all,6,855.2954446961802,2.9593744767852286,877.2620421566124,820.9547937182093,cw_v17_base,34.34065097797088,
a11_typemo,A11 game_type x 월블록,0.75,2022,2024,all,6,856.0986941664739,3.762623947078964,884.4738370915151,820.9547937182093,cw_v17_base,35.14390044826462,
a11_typemo,A11 game_type x 월블록,1.0,2022,2024,all,6,856.4509851246683,4.114914905273281,888.1848380039692,820.9547937182093,cw_v17_base,35.496191406458934,
a12_role,A12 투수 역할(전시즌),0.0,2022,2024,all,4,852.336070219395,0.0,852.336070219395,820.9547937182093,cw_v17_base,31.381276501185653,
a12_role,A12 투수 역할(전시즌),0.25,2022,2024,all,4,852.479797036787,0.14372681739200743,866.8548390003417,820.9547937182093,cw_v17_base,31.52500331857766,
a12_role,A12 투수 역할(전시즌),0.5,2022,2024,all,4,852.5642227776186,0.22815255822365543,877.6082603370927,820.9547937182093,cw_v17_base,31.609429059409308,
a12_role,A12 투수 역할(전시즌),0.75,2022,2024,all,4,852.5893474417012,0.25327722230622385,884.5963342296815,820.9547937182093,cw_v17_base,31.634553723491877,
a12_role,A12 투수 역할(전시즌),1.0,2022,2024,all,4,852.555171029179,0.21910080978398128,887.8190606780856,820.9547937182093,cw_v17_base,31.600377310969634,
a13_tens,A13 이닝 x 점수차,0.0,2022,2024,all,9,852.336070219395,0.0,852.336070219395,820.9547937182093,cw_v17_base,31.381276501185653,
a13_tens,A13 이닝 x 점수차,0.25,2022,2024,all,9,852.456509696986,0.12043947759104867,866.5312991605556,820.9547937182093,cw_v17_base,31.5017159787767,
a13_tens,A13 이닝 x 점수차,0.5,2022,2024,all,9,852.23302042573,-0.10304979366492262,877.3113884892325,820.9547937182093,cw_v17_base,31.27822670752073,
a13_tens,A13 이닝 x 점수차,0.75,2022,2024,all,9,851.6656024056047,-0.6704678137903102,884.6763382053368,820.9547937182093,cw_v17_base,30.710808687395343,
a13_tens,A13 이닝 x 점수차,1.0,2022,2024,all,9,850.7542556365211,-1.5818145828739034,888.626148308902,820.9547937182093,cw_v17_base,29.79946191831175,
(전역),(전역 가중 하나),0.0,2022,2024,R,1,878.8033698115205,0.0,902.8852153425415,842.5847631795435,cw_v17_base,36.21860663197697,0.640 0.360
a1_count,A1 볼카운트,0.0,2022,2024,R,12,878.8033698115205,0.0,878.8033698115205,842.5847631795435,cw_v17_base,36.21860663197697,
a1_count,A1 볼카운트,0.25,2022,2024,R,12,877.5574269289655,-1.2459428825550276,889.4002134159917,842.5847631795435,cw_v17_base,34.97266374942194,
a1_count,A1 볼카운트,0.5,2022,2024,R,12,875.5773795110389,-3.2259903004816124,897.9235196769242,842.5847631795435,cw_v17_base,32.992616331495356,
a1_count,A1 볼카운트,0.75,2022,2024,R,12,872.8632275575853,-5.940142253935164,904.373288594329,842.5847631795435,cw_v17_base,30.278464378041804,
a1_count,A1 볼카운트,1.0,2022,2024,R,12,869.4149710687271,-9.388398742793356,908.7495201681728,842.5847631795435,cw_v17_base,26.83020788918361,
a1b_phase,A1b 카운트 국면,0.0,2022,2024,R,7,878.8033698115205,0.0,878.8033698115205,842.5847631795435,cw_v17_base,36.21860663197697,
a1b_phase,A1b 카운트 국면,0.25,2022,2024,R,7,877.4938225245887,-1.3095472869317746,889.2565462015667,842.5847631795435,cw_v17_base,34.90905934504519,
a1b_phase,A1b 카운트 국면,0.5,2022,2024,R,7,875.4631888669539,-3.340180944566555,897.6587426949401,842.5847631795435,cw_v17_base,32.87842568741041,
a1b_phase,A1b 카운트 국면,0.75,2022,2024,R,7,872.711468838605,-6.091900972915482,904.0099592916406,842.5847631795435,cw_v17_base,30.126705659061486,
a1b_phase,A1b 카운트 국면,1.0,2022,2024,R,7,869.2386624395975,-9.564707371922964,908.3101959916684,842.5847631795435,cw_v17_base,26.653899260054004,
a2_li,A2 경기 중요도 li,0.0,2022,2024,R,6,878.8033698115205,0.0,878.8033698115205,842.5847631795435,cw_v17_base,36.21860663197697,
a2_li,A2 경기 중요도 li,0.25,2022,2024,R,6,878.3956769191415,-0.40769289237903195,888.7229780624506,842.5847631795435,cw_v17_base,35.810913739597936,
a2_li,A2 경기 중요도 li,0.5,2022,2024,R,6,877.2437958391888,-1.559573972331691,896.376422796541,842.5847631795435,cw_v17_base,34.65903265964528,
a2_li,A2 경기 중요도 li,0.75,2022,2024,R,6,875.3477265716735,-3.4556432398469497,901.7637040137472,842.5847631795435,cw_v17_base,32.76296339213002,
a2_li,A2 경기 중요도 li,1.0,2022,2024,R,6,872.7074691166181,-6.0959006949024115,904.8848217140803,842.5847631795435,cw_v17_base,30.122705937074556,
a3_load,A3 전시즌 경기당 대비 등판 투구수,0.0,2022,2024,R,8,878.8033698115205,0.0,878.8033698115205,842.5847631795435,cw_v17_base,36.21860663197697,
a3_load,A3 전시즌 경기당 대비 등판 투구수,0.25,2022,2024,R,8,878.0698322885971,-0.7335375229233705,889.3193901671315,842.5847631795435,cw_v17_base,35.4850691090536,
a3_load,A3 전시즌 경기당 대비 등판 투구수,0.5,2022,2024,R,8,877.0455706814673,-1.7577991300531721,897.4122656525751,842.5847631795435,cw_v17_base,34.460807501923796,
a3_load,A3 전시즌 경기당 대비 등판 투구수,0.75,2022,2024,R,8,875.7305849900865,-3.07278482143397,903.0819962678182,842.5847631795435,cw_v17_base,33.145821810543,
a3_load,A3 전시즌 경기당 대비 등판 투구수,1.0,2022,2024,R,8,874.1248752144882,-4.678494597032341,906.328582012872,842.5847631795435,cw_v17_base,31.540112034944627,
a3b_gp,A3b 등판 내 투구수,0.0,2022,2024,R,6,878.8033698115205,0.0,878.8033698115205,842.5847631795435,cw_v17_base,36.21860663197697,
a3b_gp,A3b 등판 내 투구수,0.25,2022,2024,R,6,878.4997404521766,-0.3036293593438586,888.8755008474969,842.5847631795435,cw_v17_base,35.91497727263311,
a3b_gp,A3b 등판 내 투구수,0.5,2022,2024,R,6,877.8831750697602,-0.9201947417602696,896.4241593877542,842.5847631795435,cw_v17_base,35.2984118902167,
a3b_gp,A3b 등판 내 투구수,0.75,2022,2024,R,6,876.9536736642602,-1.8496961472602607,901.4493454322925,842.5847631795435,cw_v17_base,34.36891048471671,
a3b_gp,A3b 등판 내 투구수,1.0,2022,2024,R,6,875.71123623571,-3.0921335758105215,903.9510589811117,842.5847631795435,cw_v17_base,33.126473056166446,
a4_prevp,A4 전시즌 투구수,0.0,2022,2024,R,7,878.8033698115205,0.0,878.8033698115205,842.5847631795435,cw_v17_base,36.21860663197697,
a4_prevp,A4 전시즌 투구수,0.25,2022,2024,R,7,879.3797277763526,0.5763579648321411,888.6502204011438,842.5847631795435,cw_v17_base,36.79496459680911,
a4_prevp,A4 전시즌 투구수,0.5,2022,2024,R,7,878.9104025296979,0.10703271817737914,896.267320288513,842.5847631795435,cw_v17_base,36.32563935015435,
a4_prevp,A4 전시즌 투구수,0.75,2022,2024,R,7,877.3953940713785,-1.4079757401419783,901.6546694736616,842.5847631795435,cw_v17_base,34.81063089183499,
a4_prevp,A4 전시즌 투구수,1.0,2022,2024,R,7,874.8347024014836,-3.9686674100369146,904.812267956534,842.5847631795435,cw_v17_base,32.24993922194005,
a5_asofn,A5 투수 누적 이력,0.0,2022,2024,R,6,878.8033698115205,0.0,878.8033698115205,842.5847631795435,cw_v17_base,36.21860663197697,
a5_asofn,A5 투수 누적 이력,0.25,2022,2024,R,6,877.0392417227436,-1.7641280887769426,888.6848273924719,842.5847631795435,cw_v17_base,34.454478543200025,
a5_asofn,A5 투수 누적 이력,0.5,2022,2024,R,6,874.828361870672,-3.9750079408485135,896.1179808988251,842.5847631795435,cw_v17_base,32.243598691128454,
a5_asofn,A5 투수 누적 이력,0.75,2022,2024,R,6,872.1707302554394,-6.632639556081131,901.1028303304802,842.5847631795435,cw_v17_base,29.585967075895837,
a5_asofn,A5 투수 누적 이력,1.0,2022,2024,R,6,869.0663468769789,-9.737022934541642,903.6393756874594,842.5847631795435,cw_v17_base,26.481583697435326,
a6_psucc,A6 투수 수준 5분위,0.0,2022,2024,R,5,878.8033698115205,0.0,878.8033698115205,842.5847631795435,cw_v17_base,36.21860663197697,
a6_psucc,A6 투수 수준 5분위,0.25,2022,2024,R,5,879.7893365314113,0.9859667198908255,888.6858104496742,842.5847631795435,cw_v17_base,37.20457335186779,
a6_psucc,A6 투수 수준 5분위,0.5,2022,2024,R,5,880.4517362312358,1.6483664197153303,896.5491270158666,842.5847631795435,cw_v17_base,37.8669730516923,
a6_psucc,A6 투수 수준 5분위,0.75,2022,2024,R,5,880.7905689108609,1.987199099340387,902.3933195099754,842.5847631795435,cw_v17_base,38.205805731317355,
a6_psucc,A6 투수 수준 5분위,1.0,2022,2024,R,5,880.8058345703973,2.0024647588768403,906.2183879319786,842.5847631795435,cw_v17_base,38.22107139085381,
a7_inning,A7 이닝,0.0,2022,2024,R,4,878.8033698115205,0.0,878.8033698115205,842.5847631795435,cw_v17_base,36.21860663197697,
a7_inning,A7 이닝,0.25,2022,2024,R,4,878.9780680895087,0.17469827798822735,889.0894893857637,842.5847631795435,cw_v17_base,36.393304909965195,
a7_inning,A7 이닝,0.5,2022,2024,R,4,878.9773069598828,0.17393714836225627,896.5789110818579,842.5847631795435,cw_v17_base,36.392543780339224,
a7_inning,A7 이닝,0.75,2022,2024,R,4,878.8010864228202,-0.002283388700334399,901.2716348998251,842.5847631795435,cw_v17_base,36.21632324327663,
a7_inning,A7 이닝,1.0,2022,2024,R,4,878.4494064781767,-0.35396333334381325,903.1676608396433,842.5847631795435,cw_v17_base,35.864643298633155,
a8_hand,A8 손 매치업,0.0,2022,2024,R,4,878.8033698115205,0.0,878.8033698115205,842.5847631795435,cw_v17_base,36.21860663197697,
a8_hand,A8 손 매치업,0.25,2022,2024,R,4,876.3692137367495,-2.4341560747709536,889.7652561545399,842.5847631795435,cw_v17_base,33.784450557206014,
a8_hand,A8 손 매치업,0.5,2022,2024,R,4,873.3962324741107,-5.407137337409836,897.9463160605494,842.5847631795435,cw_v17_base,30.811469294567132,
a8_hand,A8 손 매치업,0.75,2022,2024,R,4,869.8844260236372,-8.918943787883336,903.3465495296267,842.5847631795435,cw_v17_base,27.299662844093632,
a8_hand,A8 손 매치업,1.0,2022,2024,R,4,865.8337943852845,-12.96957542623602,905.9659565617162,842.5847631795435,cw_v17_base,23.24903120574095,
a9_batn,A9 타자 누적 이력,0.0,2022,2024,R,5,878.8033698115205,0.0,878.8033698115205,842.5847631795435,cw_v17_base,36.21860663197697,
a9_batn,A9 타자 누적 이력,0.25,2022,2024,R,5,876.9582848522473,-1.8450849592732084,889.0266597799567,842.5847631795435,cw_v17_base,34.37352167270376,
a9_batn,A9 타자 누적 이력,0.5,2022,2024,R,5,874.6588645093257,-4.14450530219483,896.6721910633191,842.5847631795435,cw_v17_base,32.07410132978214,
a9_batn,A9 타자 누적 이력,0.75,2022,2024,R,5,871.9051087827335,-6.898261028787033,901.7399636615963,842.5847631795435,cw_v17_base,29.320345603189935,
a9_batn,A9 타자 누적 이력,1.0,2022,2024,R,5,868.6970176723707,-10.106352139149749,904.2299775747775,842.5847631795435,cw_v17_base,26.11225449282722,
a10_base,A10 주자 상황,0.0,2022,2024,R,8,878.8033698115205,0.0,878.8033698115205,842.5847631795435,cw_v17_base,36.21860663197697,
a10_base,A10 주자 상황,0.25,2022,2024,R,8,879.2602640540937,0.4568942425731848,890.7364792746009,842.5847631795435,cw_v17_base,36.67550087455015,
a10_base,A10 주자 상황,0.5,2022,2024,R,8,879.406545702599,0.6031758910785356,899.796749934334,842.5847631795435,cw_v17_base,36.821782523055504,
a10_base,A10 주자 상황,0.75,2022,2024,R,8,879.2422147570367,0.43884494551616626,905.9841817906866,842.5847631795435,cw_v17_base,36.657451577493134,
a10_base,A10 주자 상황,1.0,2022,2024,R,8,878.7672712173511,-0.03609859416940253,909.2987748436143,842.5847631795435,cw_v17_base,36.182508037807565,
a11_typemo,A11 game_type x 월블록,0.0,2022,2024,R,3,878.8033698115205,0.0,878.8033698115205,842.5847631795435,cw_v17_base,36.21860663197697,
a11_typemo,A11 game_type x 월블록,0.25,2022,2024,R,3,878.8898463106598,0.08647649913928035,889.1626261811725,842.5847631795435,cw_v17_base,36.30508313111625,
a11_typemo,A11 game_type x 월블록,0.5,2022,2024,R,3,878.6265619661671,-0.1768078453534372,896.6794656856237,842.5847631795435,cw_v17_base,36.04179878662353,
a11_typemo,A11 game_type x 월블록,0.75,2022,2024,R,3,878.0135167778758,-0.7898530336447038,901.3538883247962,842.5847631795435,cw_v17_base,35.428753598332264,
a11_typemo,A11 game_type x 월블록,1.0,2022,2024,R,3,877.0507107458413,-1.752659065679154,903.1858940986792,842.5847631795435,cw_v17_base,34.465947566297814,
a12_role,A12 투수 역할(전시즌),0.0,2022,2024,R,4,878.8033698115205,0.0,878.8033698115205,842.5847631795435,cw_v17_base,36.21860663197697,
a12_role,A12 투수 역할(전시즌),0.25,2022,2024,R,4,878.7050206923275,-0.09834911919301703,889.253408048818,842.5847631795435,cw_v17_base,36.12025751278395,
a12_role,A12 투수 역할(전시즌),0.5,2022,2024,R,4,878.5183401675778,-0.2850296439427211,896.8148198605808,842.5847631795435,cw_v17_base,35.93357698803425,
a12_role,A12 투수 역할(전시즌),0.75,2022,2024,R,4,878.2433282372937,-0.5600415742268297,901.4876052467757,842.5847631795435,cw_v17_base,35.65856505775014,
a12_role,A12 투수 역할(전시즌),1.0,2022,2024,R,4,877.8799849014973,-0.9233849100231737,903.2717642073251,842.5847631795435,cw_v17_base,35.295221721953794,
a13_tens,A13 이닝 x 점수차,0.0,2022,2024,R,9,878.8033698115205,0.0,878.8033698115205,842.5847631795435,cw_v17_base,36.21860663197697,
a13_tens,A13 이닝 x 점수차,0.25,2022,2024,R,9,879.1446847846385,0.3413149731179601,888.9804482687503,842.5847631795435,cw_v17_base,36.55992160509493,
a13_tens,A13 이닝 x 점수차,0.5,2022,2024,R,9,879.0890590365752,0.2856892250547389,896.7199538064796,842.5847631795435,cw_v17_base,36.50429585703171,
a13_tens,A13 이닝 x 점수차,0.75,2022,2024,R,9,878.6364925674417,-0.16687724407881888,902.0218864245421,842.5847631795435,cw_v17_base,36.05172938789815,
a13_tens,A13 이닝 x 점수차,1.0,2022,2024,R,9,877.7869853771269,-1.016384434393558,904.8862461230156,842.5847631795435,cw_v17_base,35.20222219758341,
(전역),(전역 가중 하나),0.0,2024,2022,all,1,2481.5163177996146,0.0,2501.6374592245816,2481.5163177996146,sj_cb_ft_fonly,0.0,0.000 1.000
a1_count,A1 볼카운트,0.0,2024,2022,all,12,2481.5163177996146,0.0,2481.5163177996146,2481.5163177996146,sj_cb_ft_fonly,0.0,
a1_count,A1 볼카운트,0.25,2024,2022,all,12,2482.506441963195,0.9901241635802762,2491.4571517128725,2481.5163177996146,sj_cb_ft_fonly,0.9901241635802762,
a1_count,A1 볼카운트,0.5,2024,2022,all,12,2483.0788546018057,1.5625368021910617,2498.6593312949058,2481.5163177996146,sj_cb_ft_fonly,1.5625368021910617,
a1_count,A1 볼카운트,0.75,2024,2022,all,12,2483.233555715536,1.717237915921487,2503.122856545681,2481.5163177996146,sj_cb_ft_fonly,1.717237915921487,
a1_count,A1 볼카운트,1.0,2024,2022,all,12,2482.9705453043084,1.4542275046937903,2504.847727465198,2481.5163177996146,sj_cb_ft_fonly,1.4542275046937903,
a1b_phase,A1b 카운트 국면,0.0,2024,2022,all,7,2481.5163177996146,0.0,2481.5163177996146,2481.5163177996146,sj_cb_ft_fonly,0.0,
a1b_phase,A1b 카운트 국면,0.25,2024,2022,all,7,2482.5279712099577,1.011653410343115,2491.4440157809527,2481.5163177996146,sj_cb_ft_fonly,1.011653410343115,
a1b_phase,A1b 카운트 국면,0.5,2024,2022,all,7,2483.1477533696743,1.6314355700596934,2498.563716694979,2481.5163177996146,sj_cb_ft_fonly,1.6314355700596934,
a1b_phase,A1b 카운트 국면,0.75,2024,2022,all,7,2483.3756642786975,1.8593464790828875,2502.875420541728,2481.5163177996146,sj_cb_ft_fonly,1.8593464790828875,
a1b_phase,A1b 카운트 국면,1.0,2024,2022,all,7,2483.211703937083,1.6953861374681765,2504.3791273211214,2481.5163177996146,sj_cb_ft_fonly,1.6953861374681765,
a2_li,A2 경기 중요도 li,0.0,2024,2022,all,6,2481.5163177996146,0.0,2481.5163177996146,2481.5163177996146,sj_cb_ft_fonly,0.0,
a2_li,A2 경기 중요도 li,0.25,2024,2022,all,6,2482.6977164699283,1.1813986703136834,2492.136416751689,2481.5163177996146,sj_cb_ft_fonly,1.1813986703136834,
a2_li,A2 경기 중요도 li,0.5,2024,2022,all,6,2483.822264891855,2.3059470922403307,2499.722201717436,2481.5163177996146,sj_cb_ft_fonly,2.3059470922403307,
a2_li,A2 경기 중요도 li,0.75,2024,2022,all,6,2484.8899630653286,3.3736452657140035,2504.2736726969106,2481.5163177996146,sj_cb_ft_fonly,3.3736452657140035,
a2_li,A2 경기 중요도 li,1.0,2024,2022,all,6,2485.900810990438,4.3844931908233775,2505.7908296900578,2481.5163177996146,sj_cb_ft_fonly,4.3844931908233775,
a3_load,A3 전시즌 경기당 대비 등판 투구수,0.0,2024,2022,all,8,2481.5163177996146,0.0,2481.5163177996146,2481.5163177996146,sj_cb_ft_fonly,0.0,
a3_load,A3 전시즌 경기당 대비 등판 투구수,0.25,2024,2022,all,8,2482.3597495810754,0.8434317814608221,2490.6774046514756,2481.5163177996146,sj_cb_ft_fonly,0.8434317814608221,
a3_load,A3 전시즌 경기당 대비 등판 투구수,0.5,2024,2022,all,8,2483.03855702785,1.5222392282353212,2497.2210381171035,2481.5163177996146,sj_cb_ft_fonly,1.5222392282353212,
a3_load,A3 전시즌 경기당 대비 등판 투구수,0.75,2024,2022,all,8,2483.5527401398826,2.036422340268018,2501.1472181964423,2481.5163177996146,sj_cb_ft_fonly,2.036422340268018,
a3_load,A3 전시즌 경기당 대비 등판 투구수,1.0,2024,2022,all,8,2483.9022989171954,2.385981117580741,2502.455944889592,2481.5163177996146,sj_cb_ft_fonly,2.385981117580741,
a3b_gp,A3b 등판 내 투구수,0.0,2024,2022,all,6,2481.5163177996146,0.0,2481.5163177996146,2481.5163177996146,sj_cb_ft_fonly,0.0,
a3b_gp,A3b 등판 내 투구수,0.25,2024,2022,all,6,2482.1517795873606,0.6354617877459532,2490.9950320871844,2481.5163177996146,sj_cb_ft_fonly,0.6354617877459532,
a3b_gp,A3b 등판 내 투구수,0.5,2024,2022,all,6,2482.7397386737225,1.2234208741078874,2497.7655422926073,2481.5163177996146,sj_cb_ft_fonly,1.2234208741078874,
a3b_gp,A3b 등판 내 투구수,0.75,2024,2022,all,6,2483.280195058646,1.7638772590312328,2501.8278484158495,2481.5163177996146,sj_cb_ft_fonly,1.7638772590312328,
a3b_gp,A3b 등판 내 투구수,1.0,2024,2022,all,6,2483.7731487421966,2.256830942581928,2503.181950456956,2481.5163177996146,sj_cb_ft_fonly,2.256830942581928,
a4_prevp,A4 전시즌 투구수,0.0,2024,2022,all,7,2481.5163177996146,0.0,2481.5163177996146,2481.5163177996146,sj_cb_ft_fonly,0.0,
a4_prevp,A4 전시즌 투구수,0.25,2024,2022,all,7,2483.192149193847,1.6758313942323184,2491.967954519769,2481.5163177996146,sj_cb_ft_fonly,1.6758313942323184,
a4_prevp,A4 전시즌 투구수,0.5,2024,2022,all,7,2484.7568618134087,3.2405440137940786,2499.8862227612053,2481.5163177996146,sj_cb_ft_fonly,3.2405440137940786,
a4_prevp,A4 전시즌 투구수,0.75,2024,2022,all,7,2486.210455658344,4.694137858729391,2505.2711225239223,2481.5163177996146,sj_cb_ft_fonly,4.694137858729391,
a4_prevp,A4 전시즌 투구수,1.0,2024,2022,all,7,2487.5529307286315,6.036612929016883,2508.1226538079313,2481.5163177996146,sj_cb_ft_fonly,6.036612929016883,
a5_asofn,A5 투수 누적 이력,0.0,2024,2022,all,6,2481.5163177996146,0.0,2481.5163177996146,2481.5163177996146,sj_cb_ft_fonly,0.0,
a5_asofn,A5 투수 누적 이력,0.25,2024,2022,all,6,2482.06862465834,0.5523068587253874,2491.1265308480647,2481.5163177996146,sj_cb_ft_fonly,0.5523068587253874,
a5_asofn,A5 투수 누적 이력,0.5,2024,2022,all,6,2482.601320006872,1.0850022072572756,2498.1290733468777,2481.5163177996146,sj_cb_ft_fonly,1.0850022072572756,
a5_asofn,A5 투수 누적 이력,0.75,2024,2022,all,6,2483.1144038452326,1.598086045617947,2502.5239452961314,2481.5163177996146,sj_cb_ft_fonly,1.598086045617947,
a5_asofn,A5 투수 누적 이력,1.0,2024,2022,all,6,2483.6078761733547,2.0915583737400993,2504.3111466958258,2481.5163177996146,sj_cb_ft_fonly,2.0915583737400993,
a6_psucc,A6 투수 수준 5분위,0.0,2024,2022,all,5,2481.5163177996146,0.0,2481.5163177996146,2481.5163177996146,sj_cb_ft_fonly,0.0,
a6_psucc,A6 투수 수준 5분위,0.25,2024,2022,all,5,2483.2381809250624,1.721863125447726,2491.0392691567586,2481.5163177996146,sj_cb_ft_fonly,1.721863125447726,
a6_psucc,A6 투수 수준 5분위,0.5,2024,2022,all,5,2484.8444216070575,3.328103807442858,2497.853136776107,2481.5163177996146,sj_cb_ft_fonly,3.328103807442858,
a6_psucc,A6 투수 수준 5분위,0.75,2024,2022,all,5,2486.335039845533,4.818722045918548,2501.957920657605,2481.5163177996146,sj_cb_ft_fonly,4.818722045918548,
a6_psucc,A6 투수 수준 5분위,1.0,2024,2022,all,5,2487.710035640589,6.1937178409743865,2503.3536208013406,2481.5163177996146,sj_cb_ft_fonly,6.1937178409743865,
a7_inning,A7 이닝,0.0,2024,2022,all,4,2481.5163177996146,0.0,2481.5163177996146,2481.5163177996146,sj_cb_ft_fonly,0.0,
a7_inning,A7 이닝,0.25,2024,2022,all,4,2481.612579839454,0.09626203983953019,2490.431434005369,2481.5163177996146,sj_cb_ft_fonly,0.09626203983953019,
a7_inning,A7 이닝,0.5,2024,2022,all,4,2481.7081476150693,0.19182981545463917,2496.9571284877534,2481.5163177996146,sj_cb_ft_fonly,0.19182981545463917,
a7_inning,A7 이닝,0.75,2024,2022,all,4,2481.803021126383,0.28670332676847465,2501.093401246801,2481.5163177996146,sj_cb_ft_fonly,0.28670332676847465,
a7_inning,A7 이닝,1.0,2024,2022,all,4,2481.8972003734284,0.38088257381377844,2502.8402522824567,2481.5163177996146,sj_cb_ft_fonly,0.38088257381377844,
a8_hand,A8 손 매치업,0.0,2024,2022,all,4,2481.5163177996146,0.0,2481.5163177996146,2481.5163177996146,sj_cb_ft_fonly,0.0,
a8_hand,A8 손 매치업,0.25,2024,2022,all,4,2482.6092030292625,1.0928852296478908,2491.215297155902,2481.5163177996146,sj_cb_ft_fonly,1.0928852296478908,
a8_hand,A8 손 매치업,0.5,2024,2022,all,4,2483.568856141438,2.0525383418234924,2498.1488414313135,2481.5163177996146,sj_cb_ft_fonly,2.0525383418234924,
a8_hand,A8 손 매치업,0.75,2024,2022,all,4,2484.3952771361755,2.8789593365609107,2502.316950625838,2481.5163177996146,sj_cb_ft_fonly,2.8789593365609107,
a8_hand,A8 손 매치업,1.0,2024,2022,all,4,2485.088466013463,3.5721482138483225,2503.7196247395086,2481.5163177996146,sj_cb_ft_fonly,3.5721482138483225,
a9_batn,A9 타자 누적 이력,0.0,2024,2022,all,5,2481.5163177996146,0.0,2481.5163177996146,2481.5163177996146,sj_cb_ft_fonly,0.0,
a9_batn,A9 타자 누적 이력,0.25,2024,2022,all,5,2482.0723813203217,0.5560635207070845,2491.3264166853687,2481.5163177996146,sj_cb_ft_fonly,0.5560635207070845,
a9_batn,A9 타자 누적 이력,0.5,2024,2022,all,5,2482.4844216611355,0.9681038615208308,2498.548417185742,2481.5163177996146,sj_cb_ft_fonly,0.9681038615208308,
a9_batn,A9 타자 누적 이력,0.75,2024,2022,all,5,2482.7524388220113,1.2361210223966737,2503.1823193008117,2481.5163177996146,sj_cb_ft_fonly,1.2361210223966737,
a9_batn,A9 타자 누적 이력,1.0,2024,2022,all,5,2482.876432802983,1.3601150033682643,2505.2281230305116,2481.5163177996146,sj_cb_ft_fonly,1.3601150033682643,
a10_base,A10 주자 상황,0.0,2024,2022,all,8,2481.5163177996146,0.0,2481.5163177996146,2481.5163177996146,sj_cb_ft_fonly,0.0,
a10_base,A10 주자 상황,0.25,2024,2022,all,8,2482.7954429369247,1.279125137310075,2490.9635428507436,2481.5163177996146,sj_cb_ft_fonly,1.279125137310075,
a10_base,A10 주자 상황,0.5,2024,2022,all,8,2483.846019176361,2.3297013767464705,2497.7494515467715,2481.5163177996146,sj_cb_ft_fonly,2.3297013767464705,
a10_base,A10 주자 상황,0.75,2024,2022,all,8,2484.668046517813,3.1517287181982283,2501.874043887686,2481.5163177996146,sj_cb_ft_fonly,3.1517287181982283,
a10_base,A10 주자 상황,1.0,2024,2022,all,8,2485.261524961391,3.7452071617763067,2503.3373198735,2481.5163177996146,sj_cb_ft_fonly,3.7452071617763067,
a11_typemo,A11 game_type x 월블록,0.0,2024,2022,all,6,2481.5163177996146,0.0,2481.5163177996146,2481.5163177996146,sj_cb_ft_fonly,0.0,
a11_typemo,A11 game_type x 월블록,0.25,2024,2022,all,6,2482.111604767767,0.5952869681523225,2490.9166607745005,2481.5163177996146,sj_cb_ft_fonly,0.5952869681523225,
a11_typemo,A11 game_type x 월블록,0.5,2024,2022,all,6,2482.6519606056972,1.1356428060826147,2498.1351567958222,2481.5163177996146,sj_cb_ft_fonly,1.1356428060826147,
a11_typemo,A11 game_type x 월블록,0.75,2024,2022,all,6,2483.1373853133277,1.6210675137131147,2503.1718058636243,2481.5163177996146,sj_cb_ft_fonly,1.6210675137131147,
a11_typemo,A11 game_type x 월블록,1.0,2024,2022,all,6,2483.567878890691,2.0515610910765645,2506.0266079778517,2481.5163177996146,sj_cb_ft_fonly,2.0515610910765645,
a12_role,A12 투수 역할(전시즌),0.0,2024,2022,all,4,2481.5163177996146,0.0,2481.5163177996146,2481.5163177996146,sj_cb_ft_fonly,0.0,
a12_role,A12 투수 역할(전시즌),0.25,2024,2022,all,4,2481.8576426928307,0.3413248932160968,2490.445020104148,2481.5163177996146,sj_cb_ft_fonly,0.3413248932160968,
a12_role,A12 투수 역할(전시즌),0.5,2024,2022,all,4,2482.1869899701364,0.6706721705218115,2496.822664607401,2481.5163177996146,sj_cb_ft_fonly,0.6706721705218115,
a12_role,A12 투수 역할(전시즌),0.75,2024,2022,all,4,2482.5043596315545,0.9880418319398814,2500.6492513093613,2481.5163177996146,sj_cb_ft_fonly,0.9880418319398814,
a12_role,A12 투수 역할(전시즌),1.0,2024,2022,all,4,2482.8097516771177,1.2934338775030483,2501.9247802099744,2481.5163177996146,sj_cb_ft_fonly,1.2934338775030483,
a13_tens,A13 이닝 x 점수차,0.0,2024,2022,all,9,2481.5163177996146,0.0,2481.5163177996146,2481.5163177996146,sj_cb_ft_fonly,0.0,
a13_tens,A13 이닝 x 점수차,0.25,2024,2022,all,9,2482.478316921055,0.9619991214403854,2491.0130700447344,2481.5163177996146,sj_cb_ft_fonly,0.9619991214403854,
a13_tens,A13 이닝 x 점수차,0.5,2024,2022,all,9,2483.3667446574004,1.8504268577858056,2497.874692035129,2481.5163177996146,sj_cb_ft_fonly,1.8504268577858056,
a13_tens,A13 이닝 x 점수차,0.75,2024,2022,all,9,2484.1816010086504,2.665283209035806,2502.1011837706887,2481.5163177996146,sj_cb_ft_fonly,2.665283209035806,
a13_tens,A13 이닝 x 점수차,1.0,2024,2022,all,9,2484.9228859748496,3.406568175234952,2503.692545251424,2481.5163177996146,sj_cb_ft_fonly,3.406568175234952,
(전역),(전역 가중 하나),0.0,2024,2022,R,1,744.5233009076402,0.0,758.7942126116576,743.4883966478401,sj_cb_ft_fonly,1.0349042598001006,0.022 0.978
a1_count,A1 볼카운트,0.0,2024,2022,R,12,744.5233009076402,0.0,744.5233009076402,743.4883966478401,sj_cb_ft_fonly,1.0349042598001006,
a1_count,A1 볼카운트,0.25,2024,2022,R,12,745.5240948957776,1.0007939881373886,752.1910985761382,743.4883966478401,sj_cb_ft_fonly,2.035698247937489,
a1_count,A1 볼카운트,0.5,2024,2022,R,12,746.159365054544,1.6360641469037773,757.7494674247953,743.4883966478401,sj_cb_ft_fonly,2.670968406703878,
a1_count,A1 볼카운트,0.75,2024,2022,R,12,746.4291113839505,1.9058104763103074,761.198407453556,743.4883966478401,sj_cb_ft_fonly,2.940714736110408,
a1_count,A1 볼카운트,1.0,2024,2022,R,12,746.3333338839417,1.8100329763014997,762.5379186624315,743.4883966478401,sj_cb_ft_fonly,2.8449372361016003,
a1b_phase,A1b 카운트 국면,0.0,2024,2022,R,7,744.5233009076402,0.0,744.5233009076402,743.4883966478401,sj_cb_ft_fonly,1.0349042598001006,
a1b_phase,A1b 카운트 국면,0.25,2024,2022,R,7,745.5208782364608,0.9975773288206256,752.1499667301201,743.4883966478401,sj_cb_ft_fonly,2.032481588620726,
a1b_phase,A1b 카운트 국면,0.5,2024,2022,R,7,746.1960871338769,1.672786226236667,757.6307381891079,743.4883966478401,sj_cb_ft_fonly,2.7076904860367677,
a1b_phase,A1b 카운트 국면,0.75,2024,2022,R,7,746.5489275998993,2.025626692259152,760.9656152846367,743.4883966478401,sj_cb_ft_fonly,3.0605309520592527,
a1b_phase,A1b 카운트 국면,1.0,2024,2022,R,7,746.5793996345393,2.0560987268991084,762.1545980166954,743.4883966478401,sj_cb_ft_fonly,3.091002986699209,
a2_li,A2 경기 중요도 li,0.0,2024,2022,R,6,744.5233009076402,0.0,744.5233009076402,743.4883966478401,sj_cb_ft_fonly,1.0349042598001006,
a2_li,A2 경기 중요도 li,0.25,2024,2022,R,6,745.9019257543664,1.3786248467262112,752.3017810313947,743.4883966478401,sj_cb_ft_fonly,2.413529106526312,
a2_li,A2 경기 중요도 li,0.5,2024,2022,R,6,747.1504374404802,2.6271365328400407,757.8578382626766,743.4883966478401,sj_cb_ft_fonly,3.6620407926401413,
a2_li,A2 경기 중요도 li,0.75,2024,2022,R,6,748.2688359660816,3.745535058441419,761.1914726014523,743.4883966478401,sj_cb_ft_fonly,4.78043931824152,
a2_li,A2 경기 중요도 li,1.0,2024,2022,R,6,749.2571213310816,4.733820423441443,762.302684047711,743.4883966478401,sj_cb_ft_fonly,5.768724683241544,
a3_load,A3 전시즌 경기당 대비 등판 투구수,0.0,2024,2022,R,8,744.5233009076402,0.0,744.5233009076402,743.4883966478401,sj_cb_ft_fonly,1.0349042598001006,
a3_load,A3 전시즌 경기당 대비 등판 투구수,0.25,2024,2022,R,8,745.1808708677344,0.6575699600941789,751.3837770203202,743.4883966478401,sj_cb_ft_fonly,1.6924742198942795,
a3_load,A3 전시즌 경기당 대비 등판 투구수,0.5,2024,2022,R,8,745.6061957699544,1.0828948623142196,756.284117100825,743.4883966478401,sj_cb_ft_fonly,2.11779912211432,
a3_load,A3 전시즌 경기당 대비 등판 투구수,0.75,2024,2022,R,8,745.7992756143672,1.27597470672697,759.2243211491323,743.4883966478401,sj_cb_ft_fonly,2.3108789665270706,
a3_load,A3 전시즌 경기당 대비 등판 투구수,1.0,2024,2022,R,8,745.7601104009393,1.2368094932991198,760.2043891652421,743.4883966478401,sj_cb_ft_fonly,2.2717137530992204,
a3b_gp,A3b 등판 내 투구수,0.0,2024,2022,R,6,744.5233009076402,0.0,744.5233009076402,743.4883966478401,sj_cb_ft_fonly,1.0349042598001006,
a3b_gp,A3b 등판 내 투구수,0.25,2024,2022,R,6,745.1801919511225,0.6568910434823465,751.4065959649985,743.4883966478401,sj_cb_ft_fonly,1.691795303282447,
a3b_gp,A3b 등판 내 투구수,0.5,2024,2022,R,6,745.7677480698366,1.2444471621963658,756.3232352916671,743.4883966478401,sj_cb_ft_fonly,2.2793514219964663,
a3b_gp,A3b 등판 내 투구수,0.75,2024,2022,R,6,746.2859692637047,1.7626683560645233,759.2732188877017,743.4883966478401,sj_cb_ft_fonly,2.797572615864624,
a3b_gp,A3b 등판 내 투구수,1.0,2024,2022,R,6,746.7348555327269,2.2115546250867055,760.2565467530243,743.4883966478401,sj_cb_ft_fonly,3.246458884886806,
a4_prevp,A4 전시즌 투구수,0.0,2024,2022,R,7,744.5233009076402,0.0,744.5233009076402,743.4883966478401,sj_cb_ft_fonly,1.0349042598001006,
a4_prevp,A4 전시즌 투구수,0.25,2024,2022,R,7,745.8696116377283,1.3463107300881347,753.1529485901966,743.4883966478401,sj_cb_ft_fonly,2.3812149898882353,
a4_prevp,A4 전시즌 투구수,0.5,2024,2022,R,7,747.1083087377428,2.5850078301026542,759.6081272807975,743.4883966478401,sj_cb_ft_fonly,3.619912089902755,
a4_prevp,A4 전시즌 투구수,0.75,2024,2022,R,7,748.2393922077946,3.716091300154403,763.8888369793762,743.4883966478401,sj_cb_ft_fonly,4.750995559954504,
a4_prevp,A4 전시즌 투구수,1.0,2024,2022,R,7,749.2628620478281,4.739561140187902,765.9950776859658,743.4883966478401,sj_cb_ft_fonly,5.774465399988003,
a5_asofn,A5 투수 누적 이력,0.0,2024,2022,R,6,744.5233009076402,0.0,744.5233009076402,743.4883966478401,sj_cb_ft_fonly,1.0349042598001006,
a5_asofn,A5 투수 누적 이력,0.25,2024,2022,R,6,745.100527109177,0.5772262015368597,751.420731733965,743.4883966478401,sj_cb_ft_fonly,1.6121304613369603,
a5_asofn,A5 투수 누적 이력,0.5,2024,2022,R,6,745.6319589378091,1.1086580301689537,756.5035991492164,743.4883966478401,sj_cb_ft_fonly,2.1435622899690543,
a5_asofn,A5 투수 누적 이력,0.75,2024,2022,R,6,746.117596393392,1.5942954857517861,759.7719031535166,743.4883966478401,sj_cb_ft_fonly,2.6291997455518867,
a5_asofn,A5 투수 누적 이력,1.0,2024,2022,R,6,746.5574394760143,2.0341385683741464,761.2256437467324,743.4883966478401,sj_cb_ft_fonly,3.069042828174247,
a6_psucc,A6 투수 수준 5분위,0.0,2024,2022,R,5,744.5233009076402,0.0,744.5233009076402,743.4883966478401,sj_cb_ft_fonly,1.0349042598001006,
a6_psucc,A6 투수 수준 5분위,0.25,2024,2022,R,5,746.3157948649601,1.792493957319948,751.3694481732335,743.4883966478401,sj_cb_ft_fonly,2.8273982171200487,
a6_psucc,A6 투수 수준 5분위,0.5,2024,2022,R,5,747.874895470213,3.3515945625728136,756.2595533629479,743.4883966478401,sj_cb_ft_fonly,4.386498822372914,
a6_psucc,A6 투수 수준 5분위,0.75,2024,2022,R,5,749.200602723299,4.67730181565878,759.1936164767387,743.4883966478401,sj_cb_ft_fonly,5.71220607545888,
a6_psucc,A6 투수 수준 5분위,1.0,2024,2022,R,5,750.2929166242956,5.76961571665538,760.171637514706,743.4883966478401,sj_cb_ft_fonly,6.804519976455481,
a7_inning,A7 이닝,0.0,2024,2022,R,4,744.5233009076402,0.0,744.5233009076402,743.4883966478401,sj_cb_ft_fonly,1.0349042598001006,
a7_inning,A7 이닝,0.25,2024,2022,R,4,744.7878100406591,0.2645091330189189,751.1550478504603,743.4883966478401,sj_cb_ft_fonly,1.2994133928190195,
a7_inning,A7 이닝,0.5,2024,2022,R,4,745.0377991147005,0.5144982070603419,755.9479249949375,743.4883966478401,sj_cb_ft_fonly,1.5494024668604425,
a7_inning,A7 이닝,0.75,2024,2022,R,4,745.2732681296314,0.7499672219912554,758.901932340983,743.4883966478401,sj_cb_ft_fonly,1.784871481791356,
a7_inning,A7 이닝,1.0,2024,2022,R,4,745.4942170855184,0.9709161778781663,760.01706988863,743.4883966478401,sj_cb_ft_fonly,2.005820437678267,
a8_hand,A8 손 매치업,0.0,2024,2022,R,4,744.5233009076402,0.0,744.5233009076402,743.4883966478401,sj_cb_ft_fonly,1.0349042598001006,
a8_hand,A8 손 매치업,0.25,2024,2022,R,4,745.0877202950678,0.5644193874276198,752.1382796548127,743.4883966478401,sj_cb_ft_fonly,1.5993236472277204,
a8_hand,A8 손 매치업,0.5,2024,2022,R,4,745.4618467165442,0.9385458089039957,757.5989573419761,743.4883966478401,sj_cb_ft_fonly,1.9734500687040963,
a8_hand,A8 손 매치업,0.75,2024,2022,R,4,745.6456801720468,1.122379264406618,760.9053339690975,743.4883966478401,sj_cb_ft_fonly,2.1572835242067185,
a8_hand,A8 손 매치업,1.0,2024,2022,R,4,745.6392206615981,1.1159197539578827,762.0574095362321,743.4883966478401,sj_cb_ft_fonly,2.1508240137579833,
a9_batn,A9 타자 누적 이력,0.0,2024,2022,R,4,744.5233009076402,0.0,744.5233009076402,743.4883966478401,sj_cb_ft_fonly,1.0349042598001006,
a9_batn,A9 타자 누적 이력,0.25,2024,2022,R,4,744.5842153415483,0.06091443390812401,752.1890520718277,743.4883966478401,sj_cb_ft_fonly,1.0958186937082246,
a9_batn,A9 타자 누적 이력,0.5,2024,2022,R,4,744.4869760549255,-0.036324852714642475,757.6665973575535,743.4883966478401,sj_cb_ft_fonly,0.9985794070854581,
a9_batn,A9 타자 누적 이력,0.75,2024,2022,R,4,744.2315830477942,-0.29171785984601684,760.9559367647955,743.4883966478401,sj_cb_ft_fonly,0.7431863999540838,
a9_batn,A9 타자 누적 이력,1.0,2024,2022,R,4,743.8180363200653,-0.7052645875749022,762.0570702935759,743.4883966478401,sj_cb_ft_fonly,0.3296396722251984,
a10_base,A10 주자 상황,0.0,2024,2022,R,8,744.5233009076402,0.0,744.5233009076402,743.4883966478401,sj_cb_ft_fonly,1.0349042598001006,
a10_base,A10 주자 상황,0.25,2024,2022,R,8,745.5462814367264,1.022980529086226,751.37965391755,743.4883966478401,sj_cb_ft_fonly,2.0578847888863265,
a10_base,A10 주자 상황,0.5,2024,2022,R,8,746.1711823414929,1.6478814338527172,756.2770489246362,743.4883966478401,sj_cb_ft_fonly,2.682785693652818,
a10_base,A10 주자 상황,0.75,2024,2022,R,8,746.3980036218732,1.874702714232967,759.215485928888,743.4883966478401,sj_cb_ft_fonly,2.9096069740330677,
a10_base,A10 주자 상황,1.0,2024,2022,R,8,746.2267452779225,1.703444370282341,760.1949649302942,743.4883966478401,sj_cb_ft_fonly,2.7383486300824416,
a11_typemo,A11 game_type x 월블록,0.0,2024,2022,R,3,744.5233009076402,0.0,744.5233009076402,743.4883966478401,sj_cb_ft_fonly,1.0349042598001006,
a11_typemo,A11 game_type x 월블록,0.25,2024,2022,R,3,744.818562820726,0.29526191308582383,751.443198988444,743.4883966478401,sj_cb_ft_fonly,1.3301661728859244,
a11_typemo,A11 game_type x 월블록,0.5,2024,2022,R,3,745.0978265836627,0.5745256760225175,756.3859833319309,743.4883966478401,sj_cb_ft_fonly,1.609429935822618,
a11_typemo,A11 game_type x 월블록,0.75,2024,2022,R,3,745.3610921964504,0.8377912888101946,759.3516539380119,743.4883966478401,sj_cb_ft_fonly,1.8726955486102952,
a11_typemo,A11 game_type x 월블록,1.0,2024,2022,R,3,745.6083596591001,1.0850587514598828,760.3402108067203,743.4883966478401,sj_cb_ft_fonly,2.1199630112599834,
a12_role,A12 투수 역할(전시즌),0.0,2024,2022,R,4,744.5233009076402,0.0,744.5233009076402,743.4883966478401,sj_cb_ft_fonly,1.0349042598001006,
a12_role,A12 투수 역할(전시즌),0.25,2024,2022,R,4,744.5732704413732,0.04996953373301949,750.9466652031005,743.4883966478401,sj_cb_ft_fonly,1.08487379353312,
a12_role,A12 투수 역할(전시즌),0.5,2024,2022,R,4,744.6009710953216,0.07767018768140588,755.5347825570435,743.4883966478401,sj_cb_ft_fonly,1.1125744474815065,
a12_role,A12 투수 역할(전시즌),0.75,2024,2022,R,4,744.6064028693855,0.08310196174534212,758.2876529694028,743.4883966478401,sj_cb_ft_fonly,1.1180062215454427,
a12_role,A12 투수 역할(전시즌),1.0,2024,2022,R,4,744.5895657636204,0.06626485598019372,759.205276440178,743.4883966478401,sj_cb_ft_fonly,1.1011691157802943,
a13_tens,A13 이닝 x 점수차,0.0,2024,2022,R,9,744.5233009076402,0.0,744.5233009076402,743.4883966478401,sj_cb_ft_fonly,1.0349042598001006,
a13_tens,A13 이닝 x 점수차,0.25,2024,2022,R,9,745.5766241692752,1.0533232616350006,751.6140346337852,743.4883966478401,sj_cb_ft_fonly,2.088227521435101,
a13_tens,A13 이닝 x 점수차,0.5,2024,2022,R,9,746.5090086135273,1.98570770588708,756.7415378477049,743.4883966478401,sj_cb_ft_fonly,3.0206119656871806,
a13_tens,A13 이닝 x 점수차,0.75,2024,2022,R,9,747.3204542404077,2.7971533327674933,759.9058105493328,743.4883966478401,sj_cb_ft_fonly,3.832057592567594,
a13_tens,A13 이닝 x 점수차,1.0,2024,2022,R,9,748.0109610499275,3.487660142287268,761.1068527387577,743.4883966478401,sj_cb_ft_fonly,4.522564402087369,
