model,eval,axis,axis_title,shift_xfer,logit_xfer,shift_xfer_glob,logit_xfer_glob,shift_net,logit_net
cw_v17_base,2022,a10_base,A10 주자 상황,-35.15725401350069,-36.00375592574367,-37.64135376455833,-37.03704344788463,2.4840997510576415,1.0332875221409594
cw_v17_base,2022,a11_typemo,A11 game_type x 월블록,-30.362507983135064,-26.64302532860127,-37.64135376455833,-37.03704344788463,7.278845781423268,10.39401811928336
cw_v17_base,2022,a12_role,A12 투수 역할(전시즌),-42.42865810606802,-48.075374947925155,-37.64135376455833,-37.03704344788463,-4.787304341509689,-11.038331500040528
cw_v17_base,2022,a13_tens,A13 이닝 x 점수차,-43.829416138002436,-51.710596585382554,-37.64135376455833,-37.03704344788463,-6.1880623734441045,-14.673553137497926
cw_v17_base,2022,a1_count,A1 볼카운트,-46.73505048203381,-54.63617188272922,-37.64135376455833,-37.03704344788463,-9.093696717475481,-17.599128434844594
cw_v17_base,2022,a1b_phase,A1b 카운트 국면,-45.88031285071473,-50.55397052632357,-37.64135376455833,-37.03704344788463,-8.238959086156399,-13.51692707843894
cw_v17_base,2022,a2_li,A2 경기 중요도 li,-43.942803321687165,-49.78631582456996,-37.64135376455833,-37.03704344788463,-6.301449557128834,-12.749272376685333
cw_v17_base,2022,a3_load,A3 전시즌 경기당 대비 등판 투구수,-43.73130086261988,-55.80708334000557,-37.64135376455833,-37.03704344788463,-6.08994709806155,-18.77003989212094
cw_v17_base,2022,a3b_gp,A3b 등판 내 투구수,-40.35187788276937,-42.24223872563839,-37.64135376455833,-37.03704344788463,-2.7105241182110404,-5.205195277753759
cw_v17_base,2022,a4_prevp,A4 전시즌 투구수,-40.24437425699634,-45.476704000302405,-37.64135376455833,-37.03704344788463,-2.603020492438006,-8.439660552417777
cw_v17_base,2022,a5_asofn,A5 투수 누적 이력,-42.32835067967521,-49.69416352653002,-37.64135376455833,-37.03704344788463,-4.686996915116879,-12.657120078645391
cw_v17_base,2022,a6_psucc,A6 투수 수준 5분위,-45.201126746714095,-49.78031817243792,-37.64135376455833,-37.03704344788463,-7.5597729821557635,-12.743274724553295
cw_v17_base,2022,a7_inning,A7 이닝,-39.66407238768034,-43.963181450230955,-37.64135376455833,-37.03704344788463,-2.0227186231220102,-6.9261380023463275
cw_v17_base,2022,a8_hand,A8 손 매치업,-52.65078839723193,-59.687462729116106,-37.64135376455833,-37.03704344788463,-15.009434632673596,-22.65041928123148
cw_v17_base,2022,a9_batn,A9 타자 누적 이력,-44.55338098306184,-44.326441885558474,-37.64135376455833,-37.03704344788463,-6.9120272185035105,-7.289398437673846
cw_v17_base,2024,a10_base,A10 주자 상황,8.489574433061573,11.17732180424554,5.881917154852994,6.690684874263617,2.6076572782085794,4.486636929981923
cw_v17_base,2024,a11_typemo,A11 game_type x 월블록,-7.1940349289192795,-3.69906727957628,5.881917154852994,6.690684874263617,-13.075952083772274,-10.389752153839897
cw_v17_base,2024,a12_role,A12 투수 역할(전시즌),-1.8010446883582034,-7.093112363535438,5.881917154852994,6.690684874263617,-7.6829618432111975,-13.783797237799055
cw_v17_base,2024,a13_tens,A13 이닝 x 점수차,1.3856160525437602,-8.549134647876546,5.881917154852994,6.690684874263617,-4.496301102309234,-15.239819522140163
cw_v17_base,2024,a1_count,A1 볼카운트,4.618185487370065,-2.4943460891388036,5.881917154852994,6.690684874263617,-1.2637316674829293,-9.18503096340242
cw_v17_base,2024,a1b_phase,A1b 카운트 국면,4.4903730164609055,1.6100205972999624,5.881917154852994,6.690684874263617,-1.3915441383920886,-5.080664276963654
cw_v17_base,2024,a2_li,A2 경기 중요도 li,1.9631373659387232,-5.299914388575118,5.881917154852994,6.690684874263617,-3.9187797889142706,-11.990599262838735
cw_v17_base,2024,a3_load,A3 전시즌 경기당 대비 등판 투구수,1.3857275131310836,-0.7035235273313711,5.881917154852994,6.690684874263617,-4.4961896417219105,-7.394208401594988
cw_v17_base,2024,a3b_gp,A3b 등판 내 투구수,4.696885204660689,3.997609980891063,5.881917154852994,6.690684874263617,-1.1850319501923048,-2.6930748933725543
cw_v17_base,2024,a4_prevp,A4 전시즌 투구수,2.946032718817884,-5.336900715147054,5.881917154852994,6.690684874263617,-2.93588443603511,-12.027585589410672
cw_v17_base,2024,a5_asofn,A5 투수 누적 이력,3.7966462878086658,-6.668616847343539,5.881917154852994,6.690684874263617,-2.0852708670443283,-13.359301721607157
cw_v17_base,2024,a6_psucc,A6 투수 수준 5분위,-0.6972064212657951,2.1189868325080887,5.881917154852994,6.690684874263617,-6.579123576118789,-4.571698041755528
cw_v17_base,2024,a7_inning,A7 이닝,-0.7360505171585134,-3.627331373142449,5.881917154852994,6.690684874263617,-6.617967672011508,-10.318016247406065
cw_v17_base,2024,a8_hand,A8 손 매치업,6.206528202189569,5.898509839188296,5.881917154852994,6.690684874263617,0.32461104733657464,-0.7921750350753207
cw_v17_base,2024,a9_batn,A9 타자 누적 이력,7.824068298347614,7.20886186039141,5.881917154852994,6.690684874263617,1.9421511434946197,0.5181769861277932
hw_v12_honest,2022,a10_base,A10 주자 상황,-34.4763147894839,-21.658498315803893,-35.58714851674046,-21.305008304102202,1.110833727256562,-0.35349001170169103
hw_v12_honest,2022,a11_typemo,A11 game_type x 월블록,-25.889758594645105,-5.411483952067803,-35.58714851674046,-21.305008304102202,9.697389922095358,15.8935243520344
hw_v12_honest,2022,a12_role,A12 투수 역할(전시즌),-23.810906417538014,-22.192121177367056,-35.58714851674046,-21.305008304102202,11.776242099202449,-0.8871128732648543
hw_v12_honest,2022,a13_tens,A13 이닝 x 점수차,-43.47895156038697,-27.407958470962956,-35.58714851674046,-21.305008304102202,-7.8918030436465045,-6.102950166860754
hw_v12_honest,2022,a1_count,A1 볼카운트,-37.30154152887127,-26.308953137827665,-35.58714851674046,-21.305008304102202,-1.714393012130806,-5.003944833725463
hw_v12_honest,2022,a1b_phase,A1b 카운트 국면,-35.756460258826074,-21.127420495848654,-35.58714851674046,-21.305008304102202,-0.16931174208561117,0.17758780825354847
hw_v12_honest,2022,a2_li,A2 경기 중요도 li,-39.231197797571404,-22.179636896150562,-35.58714851674046,-21.305008304102202,-3.6440492808309415,-0.8746285920483601
hw_v12_honest,2022,a3_load,A3 전시즌 경기당 대비 등판 투구수,-31.152528648262376,-32.10036835729636,-35.58714851674046,-21.305008304102202,4.434619868478087,-10.795360053194159
hw_v12_honest,2022,a3b_gp,A3b 등판 내 투구수,-35.69544894270999,-22.413781486081827,-35.58714851674046,-21.305008304102202,-0.10830042596952438,-1.1087731819796254
hw_v12_honest,2022,a4_prevp,A4 전시즌 투구수,-19.119651762856055,-10.750117678996016,-35.58714851674046,-21.305008304102202,16.467496753884408,10.554890625106186
hw_v12_honest,2022,a5_asofn,A5 투수 누적 이력,-38.62238759207196,-31.029706314996872,-35.58714851674046,-21.305008304102202,-3.0352390753314964,-9.72469801089467
hw_v12_honest,2022,a6_psucc,A6 투수 수준 5분위,-43.77609629410826,5.467289418493128,-35.58714851674046,-21.305008304102202,-8.188947777367794,26.77229772259533
hw_v12_honest,2022,a7_inning,A7 이닝,-40.393353553593265,-28.018105830258044,-35.58714851674046,-21.305008304102202,-4.806205036852802,-6.713097526155842
hw_v12_honest,2022,a8_hand,A8 손 매치업,-48.28060619178821,-36.210253610138125,-35.58714851674046,-21.305008304102202,-12.693457675047746,-14.905245306035923
hw_v12_honest,2022,a9_batn,A9 타자 누적 이력,-35.72549904393671,-27.36815965058154,-35.58714851674046,-21.305008304102202,-0.13835052719624485,-6.063151346479337
hw_v12_honest,2024,a10_base,A10 주자 상황,-9.171310031880457,-12.59064608430796,-11.511181492093092,-15.863880016058026,2.3398714602126347,3.2732339317500667
hw_v12_honest,2024,a11_typemo,A11 game_type x 월블록,-9.57081621781613,-8.18015953984846,-11.511181492093092,-15.863880016058026,1.940365274276962,7.683720476209565
hw_v12_honest,2024,a12_role,A12 투수 역할(전시즌),-3.4309059643096527,-17.685263590716552,-11.511181492093092,-15.863880016058026,8.080275527783439,-1.821383574658526
hw_v12_honest,2024,a13_tens,A13 이닝 x 점수차,-19.752812441606643,-30.320162789990256,-11.511181492093092,-15.863880016058026,-8.241630949513551,-14.45628277393223
hw_v12_honest,2024,a1_count,A1 볼카운트,-3.4390555296880363,-15.96615285359996,-11.511181492093092,-15.863880016058026,8.072125962405057,-0.10227283754193373
hw_v12_honest,2024,a1b_phase,A1b 카운트 국면,-3.7055824457545476,-11.212008462696286,-11.511181492093092,-15.863880016058026,7.8055990463385445,4.65187155336174
hw_v12_honest,2024,a2_li,A2 경기 중요도 li,-14.77771419708293,-27.456997257375104,-11.511181492093092,-15.863880016058026,-3.2665327049898387,-11.593117241317078
hw_v12_honest,2024,a3_load,A3 전시즌 경기당 대비 등판 투구수,-6.058960513388806,-23.01874548983089,-11.511181492093092,-15.863880016058026,5.452220978704286,-7.154865473772865
hw_v12_honest,2024,a3b_gp,A3b 등판 내 투구수,-10.476507049120748,-12.702278732000604,-11.511181492093092,-15.863880016058026,1.034674442972344,3.161601284057422
hw_v12_honest,2024,a4_prevp,A4 전시즌 투구수,-7.656385926955588,-36.999039789658354,-11.511181492093092,-15.863880016058026,3.854795565137504,-21.13515977360033
hw_v12_honest,2024,a5_asofn,A5 투수 누적 이력,-7.907988173420378,-45.4358590402427,-11.511181492093092,-15.863880016058026,3.603193318672714,-29.57197902418467
hw_v12_honest,2024,a6_psucc,A6 투수 수준 5분위,-22.50516937645051,-25.90594232258189,-11.511181492093092,-15.863880016058026,-10.993987884357418,-10.042062306523864
hw_v12_honest,2024,a7_inning,A7 이닝,-23.067466528239997,-27.98654715792011,-11.511181492093092,-15.863880016058026,-11.556285036146905,-12.122667141862085
hw_v12_honest,2024,a8_hand,A8 손 매치업,-18.064562009307807,-25.8994127043268,-11.511181492093092,-15.863880016058026,-6.553380517214714,-10.035532688268773
hw_v12_honest,2024,a9_batn,A9 타자 누적 이력,-7.154367025982462,-13.98286589141714,-11.511181492093092,-15.863880016058026,4.35681446611063,1.8810141246408865
sj_cb_ft_fonly,2022,a10_base,A10 주자 상황,3.026740205101495,1.1471037309247223,0.23494127761390415,-0.7777476365147578,2.7917989274875907,1.92485136743948
sj_cb_ft_fonly,2022,a11_typemo,A11 game_type x 월블록,3.8735424376993723,9.08669804514334,0.23494127761390415,-0.7777476365147578,3.638601160085468,9.864445681658097
sj_cb_ft_fonly,2022,a12_role,A12 투수 역할(전시즌),-2.4788419558116424,-13.035235247856646,0.23494127761390415,-0.7777476365147578,-2.7137832334255467,-12.257487611341888
sj_cb_ft_fonly,2022,a13_tens,A13 이닝 x 점수차,-4.7580691807809,-16.39405754072423,0.23494127761390415,-0.7777476365147578,-4.993010458394805,-15.616309904209473
sj_cb_ft_fonly,2022,a1_count,A1 볼카운트,-6.363410078299925,-18.59159001418907,0.23494127761390415,-0.7777476365147578,-6.598351355913829,-17.813842377674312
sj_cb_ft_fonly,2022,a1b_phase,A1b 카운트 국면,-6.026028022776272,-15.13066406086877,0.23494127761390415,-0.7777476365147578,-6.260969300390176,-14.352916424354014
sj_cb_ft_fonly,2022,a2_li,A2 경기 중요도 li,-4.605402748102477,-12.812747242075035,0.23494127761390415,-0.7777476365147578,-4.840344025716381,-12.034999605560278
sj_cb_ft_fonly,2022,a3_load,A3 전시즌 경기당 대비 등판 투구수,-4.82506632336596,-23.08108873699609,0.23494127761390415,-0.7777476365147578,-5.060007600979865,-22.303341100481333
sj_cb_ft_fonly,2022,a3b_gp,A3b 등판 내 투구수,-2.136017002767276,-5.639397494001225,0.23494127761390415,-0.7777476365147578,-2.3709582803811804,-4.861649857486467
sj_cb_ft_fonly,2022,a4_prevp,A4 전시즌 투구수,2.976873839086514,-6.87477662487057,0.23494127761390415,-0.7777476365147578,2.74193256147261,-6.097028988355812
sj_cb_ft_fonly,2022,a5_asofn,A5 투수 누적 이력,-1.5632941247823942,-13.324789011334088,0.23494127761390415,-0.7777476365147578,-1.7982354023962983,-12.547041374819331
sj_cb_ft_fonly,2022,a6_psucc,A6 투수 수준 5분위,-8.040390196115478,-13.688432748048903,0.23494127761390415,-0.7777476365147578,-8.275331473729382,-12.910685111534146
sj_cb_ft_fonly,2022,a7_inning,A7 이닝,-1.3735014146645053,-9.091862996033168,0.23494127761390415,-0.7777476365147578,-1.6084426922784094,-8.31411535951841
sj_cb_ft_fonly,2022,a8_hand,A8 손 매치업,-3.528764389542437,-12.96780879763284,0.23494127761390415,-0.7777476365147578,-3.7637056671563416,-12.190061161118082
sj_cb_ft_fonly,2022,a9_batn,A9 타자 누적 이력,-6.375470507572453,-8.12563333989887,0.23494127761390415,-0.7777476365147578,-6.610411785186358,-7.3478857033841125
sj_cb_ft_fonly,2024,a10_base,A10 주자 상황,2.924576600141492,4.874164628681136,-0.12176156603325063,-0.7426895537839069,3.046338166174743,5.616854182465043
sj_cb_ft_fonly,2024,a11_typemo,A11 game_type x 월블록,-5.121861510799124,0.9625093075176063,-0.12176156603325063,-0.7426895537839069,-5.000099944765873,1.7051988613015132
sj_cb_ft_fonly,2024,a12_role,A12 투수 역할(전시즌),-6.7751888372566045,-8.13553270861249,-0.12176156603325063,-0.7426895537839069,-6.653427271223354,-7.392843154828582
sj_cb_ft_fonly,2024,a13_tens,A13 이닝 x 점수차,-5.172604015770062,-17.131494954541107,-0.12176156603325063,-0.7426895537839069,-5.050842449736812,-16.3888054007572
sj_cb_ft_fonly,2024,a1_count,A1 볼카운트,-0.26901186587619896,-6.319971905369293,-0.12176156603325063,-0.7426895537839069,-0.14725029984294835,-5.577282351585386
sj_cb_ft_fonly,2024,a1b_phase,A1b 카운트 국면,-0.3522626964663872,-2.958729917278587,-0.12176156603325063,-0.7426895537839069,-0.23050113043313658,-2.21604036349468
sj_cb_ft_fonly,2024,a2_li,A2 경기 중요도 li,-4.807144106958268,-12.94271711791931,-0.12176156603325063,-0.7426895537839069,-4.685382540925017,-12.200027564135404
sj_cb_ft_fonly,2024,a3_load,A3 전시즌 경기당 대비 등판 투구수,-4.42982750343033,-5.182339251428877,-0.12176156603325063,-0.7426895537839069,-4.308065937397079,-4.4396496976449695
sj_cb_ft_fonly,2024,a3b_gp,A3b 등판 내 투구수,-1.179407683753587,-2.057793002714452,-0.12176156603325063,-0.7426895537839069,-1.0576461177203362,-1.315103448930545
sj_cb_ft_fonly,2024,a4_prevp,A4 전시즌 투구수,-2.0404831684669356,-11.548877530035726,-0.12176156603325063,-0.7426895537839069,-1.9187216024336848,-10.80618797625182
sj_cb_ft_fonly,2024,a5_asofn,A5 투수 누적 이력,-2.0077629193489503,-13.085809962577642,-0.12176156603325063,-0.7426895537839069,-1.8860013533156996,-12.343120408793736
sj_cb_ft_fonly,2024,a6_psucc,A6 투수 수준 5분위,-9.197902921852435,-13.702167942066849,-0.12176156603325063,-0.7426895537839069,-9.076141355819185,-12.959478388282943
sj_cb_ft_fonly,2024,a7_inning,A7 이닝,-5.860351271206331,-11.26141319057182,-0.12176156603325063,-0.7426895537839069,-5.73858970517308,-10.518723636787914
sj_cb_ft_fonly,2024,a8_hand,A8 손 매치업,0.48044745579196735,-2.756591048021507,-0.12176156603325063,-0.7426895537839069,0.602209021825218,-2.0139014942376
sj_cb_ft_fonly,2024,a9_batn,A9 타자 누적 이력,-0.9383433593276496,-1.9035112559019451,-0.12176156603325063,-0.7426895537839069,-0.816581793294399,-1.1608217021180383
sj_e2var,2022,a10_base,A10 주자 상황,-15.190141965974384,-11.51716628321812,-17.555162435802053,-13.181529184997162,2.3650204698276696,1.6643629017790413
sj_e2var,2022,a11_typemo,A11 game_type x 월블록,-6.47884856372429,2.4020435070114017,-17.555162435802053,-13.181529184997162,11.076313872077764,15.583572692008563
sj_e2var,2022,a12_role,A12 투수 역할(전시즌),-19.805815392603837,-24.593554639961027,-17.555162435802053,-13.181529184997162,-2.2506529568017832,-11.412025454963866
sj_e2var,2022,a13_tens,A13 이닝 x 점수차,-23.184894232234555,-28.1993148658664,-17.555162435802053,-13.181529184997162,-5.629731796432502,-15.017785680869236
sj_e2var,2022,a1_count,A1 볼카운트,-26.754997480893813,-35.56231846819433,-17.555162435802053,-13.181529184997162,-9.19983504509176,-22.380789283197167
sj_e2var,2022,a1b_phase,A1b 카운트 국면,-26.12447319104463,-31.088835076969442,-17.555162435802053,-13.181529184997162,-8.569310755242576,-17.90730589197228
sj_e2var,2022,a2_li,A2 경기 중요도 li,-22.738198515886957,-25.189539882757654,-17.555162435802053,-13.181529184997162,-5.183036080084904,-12.008010697760492
sj_e2var,2022,a3_load,A3 전시즌 경기당 대비 등판 투구수,-23.301161835073486,-32.345745197393185,-17.555162435802053,-13.181529184997162,-5.745999399271433,-19.164216012396025
sj_e2var,2022,a3b_gp,A3b 등판 내 투구수,-20.01392109573738,-18.122548962977433,-17.555162435802053,-13.181529184997162,-2.4587586599353273,-4.941019777980271
sj_e2var,2022,a4_prevp,A4 전시즌 투구수,-17.11305548088884,-20.937284674300713,-17.555162435802053,-13.181529184997162,0.44210695491321417,-7.755755489303551
sj_e2var,2022,a5_asofn,A5 투수 누적 이력,-21.415684729807875,-22.24893989397444,-17.555162435802053,-13.181529184997162,-3.860522294005822,-9.06741070897728
sj_e2var,2022,a6_psucc,A6 투수 수준 5분위,-22.17243878908384,-26.674269492053202,-17.555162435802053,-13.181529184997162,-4.617276353281788,-13.49274030705604
sj_e2var,2022,a7_inning,A7 이닝,-19.501388507896774,-19.997744293589154,-17.555162435802053,-13.181529184997162,-1.9462260720947206,-6.816215108591992
sj_e2var,2022,a8_hand,A8 손 매치업,-19.980408187953582,-26.972787079559936,-17.555162435802053,-13.181529184997162,-2.425245752151529,-13.791257894562774
sj_e2var,2022,a9_batn,A9 타자 누적 이력,-24.33050154755911,-19.79464151867822,-17.555162435802053,-13.181529184997162,-6.775339111757056,-6.613112333681057
sj_e2var,2024,a10_base,A10 주자 상황,5.77940538900542,12.013577276649375,3.1992125839505805,8.096282204507315,2.580192805054839,3.9172950721420605
sj_e2var,2024,a11_typemo,A11 game_type x 월블록,-1.3929480441449495,11.518851734932525,3.1992125839505805,8.096282204507315,-4.59216062809553,3.4225695304252106
sj_e2var,2024,a12_role,A12 투수 역할(전시즌),-0.7399819389485587,-0.17233001251351343,3.1992125839505805,8.096282204507315,-3.939194522899139,-8.268612217020827
sj_e2var,2024,a13_tens,A13 이닝 x 점수차,-1.8902953746669624,-8.76558184275703,3.1992125839505805,8.096282204507315,-5.089507958617543,-16.861864047264344
sj_e2var,2024,a1_count,A1 볼카운트,0.25177881879838626,-5.494245015992335,3.1992125839505805,8.096282204507315,-2.9474337651521942,-13.590527220499649
sj_e2var,2024,a1b_phase,A1b 카운트 국면,-0.049109358366879796,-0.24492230244452662,3.1992125839505805,8.096282204507315,-3.2483219423174603,-8.341204506951842
sj_e2var,2024,a2_li,A2 경기 중요도 li,-0.5213576240822335,-3.6316605033064158,3.1992125839505805,8.096282204507315,-3.720570208032814,-11.72794270781373
sj_e2var,2024,a3_load,A3 전시즌 경기당 대비 등판 투구수,0.27005141381273523,2.8670031535862237,3.1992125839505805,8.096282204507315,-2.9291611701378453,-5.229279050921091
sj_e2var,2024,a3b_gp,A3b 등판 내 투구수,2.2284554612754355,5.828455703646941,3.1992125839505805,8.096282204507315,-0.970757122675145,-2.267826500860374
sj_e2var,2024,a4_prevp,A4 전시즌 투구수,3.283106639006629,-2.788864184623291,3.1992125839505805,8.096282204507315,0.08389405505604852,-10.885146389130606
sj_e2var,2024,a5_asofn,A5 투수 누적 이력,1.6697338073040322,0.645705992879279,3.1992125839505805,8.096282204507315,-1.5294787766465483,-7.450576211628036
sj_e2var,2024,a6_psucc,A6 투수 수준 5분위,-2.5115003632142123,-0.049921910920851076,3.1992125839505805,8.096282204507315,-5.710712947164793,-8.146204115428166
sj_e2var,2024,a7_inning,A7 이닝,-3.056155456438046,-3.015181909746196,3.1992125839505805,8.096282204507315,-6.2553680403886265,-11.111464114253511
sj_e2var,2024,a8_hand,A8 손 매치업,7.222217031976397,5.014618955522711,3.1992125839505805,8.096282204507315,4.023004448025817,-3.0816632489846034
sj_e2var,2024,a9_batn,A9 타자 누적 이력,3.2108582277125723,6.836201173858862,3.1992125839505805,8.096282204507315,0.011645643761991842,-1.2600810306484522
sj_grid_w060,2022,a10_base,A10 주자 상황,3.1781880040241828,2.3356194036973768,0.5904136482539802,0.3098459271632611,2.5877743557702027,2.0257734765341158
sj_grid_w060,2022,a11_typemo,A11 game_type x 월블록,13.347823150786873,19.768528398620134,0.5904136482539802,0.3098459271632611,12.757409502532893,19.45868247145687
sj_grid_w060,2022,a12_role,A12 투수 역할(전시즌),-2.398033063646988,-13.874946472497578,0.5904136482539802,0.3098459271632611,-2.988446711900968,-14.18479239966084
sj_grid_w060,2022,a13_tens,A13 이닝 x 점수차,-4.388054631803044,-15.216062860805682,0.5904136482539802,0.3098459271632611,-4.978468280057024,-15.525908787968943
sj_grid_w060,2022,a1_count,A1 볼카운트,-9.24537705119384,-21.77528307261087,0.5904136482539802,0.3098459271632611,-9.83579069944782,-22.08512899977413
sj_grid_w060,2022,a1b_phase,A1b 카운트 국면,-8.735775472192078,-17.218420268137727,0.5904136482539802,0.3098459271632611,-9.326189120446058,-17.52826619530099
sj_grid_w060,2022,a2_li,A2 경기 중요도 li,-4.692483236759092,-12.237023695349098,0.5904136482539802,0.3098459271632611,-5.282896885013072,-12.546869622512359
sj_grid_w060,2022,a3_load,A3 전시즌 경기당 대비 등판 투구수,-5.199923144962969,-24.284794060522206,0.5904136482539802,0.3098459271632611,-5.790336793216949,-24.59463998768547
sj_grid_w060,2022,a3b_gp,A3b 등판 내 투구수,-1.862968277393076,-4.425532902653006,0.5904136482539802,0.3098459271632611,-2.453381925647056,-4.735378829816267
sj_grid_w060,2022,a4_prevp,A4 전시즌 투구수,-0.08064856757945613,-9.534362637882843,0.5904136482539802,0.3098459271632611,-0.6710622158334364,-9.844208565046104
sj_grid_w060,2022,a5_asofn,A5 투수 누적 이력,-2.3929297468588877,-11.406186167863032,0.5904136482539802,0.3098459271632611,-2.983343395112868,-11.716032095026293
sj_grid_w060,2022,a6_psucc,A6 투수 수준 5분위,-6.747670976943537,-13.169972598045563,0.5904136482539802,0.3098459271632611,-7.338084625197517,-13.479818525208824
sj_grid_w060,2022,a7_inning,A7 이닝,-1.2776716723772874,-7.913964600983073,0.5904136482539802,0.3098459271632611,-1.8680853206312675,-8.223810528146334
sj_grid_w060,2022,a8_hand,A8 손 매치업,-2.0184962384596963,-12.273822589911946,0.5904136482539802,0.3098459271632611,-2.6089098867136764,-12.583668517075207
sj_grid_w060,2022,a9_batn,A9 타자 누적 이력,-4.624936498037335,-5.059474596240535,0.5904136482539802,0.3098459271632611,-5.215350146291315,-5.369320523403796
sj_grid_w060,2024,a10_base,A10 주자 상황,1.9901895841192516,3.3273455488496992,-0.5432752786217419,-1.0229573365187832,2.5334648627409937,4.350302885368483
sj_grid_w060,2024,a11_typemo,A11 game_type x 월블록,-2.1437928087327593,6.227326465340687,-0.5432752786217419,-1.0229573365187832,-1.6005175301110175,7.25028380185947
sj_grid_w060,2024,a12_role,A12 투수 역할(전시즌),-5.355354294025071,-6.414603521841647,-0.5432752786217419,-1.0229573365187832,-4.812079015403329,-5.391646185322863
sj_grid_w060,2024,a13_tens,A13 이닝 x 점수차,-5.238916652305966,-16.258410202310277,-0.5432752786217419,-1.0229573365187832,-4.695641373684224,-15.235452865791494
sj_grid_w060,2024,a1_count,A1 볼카운트,-3.75814492947752,-12.007611455427108,-0.5432752786217419,-1.0229573365187832,-3.2148696508557784,-10.984654118908326
sj_grid_w060,2024,a1b_phase,A1b 카운트 국면,-4.047525075028186,-7.381163206397397,-0.5432752786217419,-1.0229573365187832,-3.5042497964064436,-6.3582058698786135
sj_grid_w060,2024,a2_li,A2 경기 중요도 li,-4.093667573629317,-12.363995651730617,-0.5432752786217419,-1.0229573365187832,-3.5503922950075752,-11.341038315211835
sj_grid_w060,2024,a3_load,A3 전시즌 경기당 대비 등판 투구수,-4.083921164699093,-4.75018056161918,-0.5432752786217419,-1.0229573365187832,-3.5406458860773506,-3.7272232251003965
sj_grid_w060,2024,a3b_gp,A3b 등판 내 투구수,-1.7374152087781838,-3.0279765223391815,-0.5432752786217419,-1.0229573365187832,-1.194139930156442,-2.005019185820398
sj_grid_w060,2024,a4_prevp,A4 전시즌 투구수,-1.400240771263917,-9.067461319662318,-0.5432752786217419,-1.0229573365187832,-0.8569654926421753,-8.044503983143535
sj_grid_w060,2024,a5_asofn,A5 투수 누적 이력,-3.28634018197906,-9.654189298667438,-0.5432752786217419,-1.0229573365187832,-2.7430649033573182,-8.631231962148656
sj_grid_w060,2024,a6_psucc,A6 투수 수준 5분위,-8.897649208608092,-10.442372894550772,-0.5432752786217419,-1.0229573365187832,-8.35437392998635,-9.41941555803199
sj_grid_w060,2024,a7_inning,A7 이닝,-6.833426487692137,-11.877349873560108,-0.5432752786217419,-1.0229573365187832,-6.290151209070395,-10.854392537041326
sj_grid_w060,2024,a8_hand,A8 손 매치업,1.9998258876658999,-4.5535279637138,-0.5432752786217419,-1.0229573365187832,2.5431011662876415,-3.530570627195017
sj_grid_w060,2024,a9_batn,A9 타자 누적 이력,-2.501355065862293,-4.086151390524321,-0.5432752786217419,-1.0229573365187832,-1.9580797872405513,-3.063194054005538
sj_stdmlp,2022,a10_base,A10 주자 상황,35.853163637864874,34.08016125007802,33.73490697735277,33.008301228242274,2.1182566605121025,1.0718600218357466
sj_stdmlp,2022,a11_typemo,A11 game_type x 월블록,41.854766498647386,45.17513876407231,33.73490697735277,33.008301228242274,8.119859521294615,12.166837535830034
sj_stdmlp,2022,a12_role,A12 투수 역할(전시즌),30.406592777856766,25.324279646781285,33.73490697735277,33.008301228242274,-3.328314199496006,-7.684021581460989
sj_stdmlp,2022,a13_tens,A13 이닝 x 점수차,27.422716737145286,18.216353098778434,33.73490697735277,33.008301228242274,-6.312190240207485,-14.79194812946384
sj_stdmlp,2022,a1_count,A1 볼카운트,23.140114290326107,10.492435000981233,33.73490697735277,33.008301228242274,-10.594792687026665,-22.515866227261043
sj_stdmlp,2022,a1b_phase,A1b 카운트 국면,23.499009114468205,14.87598764504234,33.73490697735277,33.008301228242274,-10.235897862884567,-18.132313583199934
sj_stdmlp,2022,a2_li,A2 경기 중요도 li,27.997614295372642,22.071227017739677,33.73490697735277,33.008301228242274,-5.737292681980129,-10.937074210502598
sj_stdmlp,2022,a3_load,A3 전시즌 경기당 대비 등판 투구수,26.63365535035197,19.03208474831174,33.73490697735277,33.008301228242274,-7.101251627000803,-13.976216479930535
sj_stdmlp,2022,a3b_gp,A3b 등판 내 투구수,30.57744795602884,28.023897805886918,33.73490697735277,33.008301228242274,-3.1574590213239304,-4.984403422355356
sj_stdmlp,2022,a4_prevp,A4 전시즌 투구수,29.889683810996868,27.798061624817024,33.73490697735277,33.008301228242274,-3.845223166355904,-5.210239603425251
sj_stdmlp,2022,a5_asofn,A5 투수 누적 이력,29.935643470138263,27.288804103097842,33.73490697735277,33.008301228242274,-3.7992635072145085,-5.719497125144432
sj_stdmlp,2022,a6_psucc,A6 투수 수준 5분위,21.090927560646186,18.134615795043413,33.73490697735277,33.008301228242274,-12.643979416706586,-14.873685433198862
sj_stdmlp,2022,a7_inning,A7 이닝,31.686714615930192,26.028988815305304,33.73490697735277,33.008301228242274,-2.048192361422579,-6.97931241293697
sj_stdmlp,2022,a8_hand,A8 손 매치업,30.60407322060104,17.7139907663722,33.73490697735277,33.008301228242274,-3.1308337567517306,-15.294310461870076
sj_stdmlp,2022,a9_batn,A9 타자 누적 이력,25.757300768090715,24.98454990163085,33.73490697735277,33.008301228242274,-7.977606209262056,-8.023751326611425
sj_stdmlp,2024,a10_base,A10 주자 상황,-41.09846133618645,-40.500448068334514,-42.657621927591045,-43.0277032553478,1.5591605914045914,2.5272551870132887
sj_stdmlp,2024,a11_typemo,A11 game_type x 월블록,-49.76927693826577,-42.29217572833527,-42.657621927591045,-43.0277032553478,-7.111655010674724,0.735527527012529
sj_stdmlp,2024,a12_role,A12 투수 역할(전시즌),-46.73593602627539,-52.344434820427246,-42.657621927591045,-43.0277032553478,-4.078314098684345,-9.316731565079444
sj_stdmlp,2024,a13_tens,A13 이닝 x 점수차,-47.99138886052101,-61.066256112324716,-42.657621927591045,-43.0277032553478,-5.333766932929969,-18.038552856976914
sj_stdmlp,2024,a1_count,A1 볼카운트,-47.48261670497719,-59.0359705759714,-42.657621927591045,-43.0277032553478,-4.824994777386145,-16.008267320623595
sj_stdmlp,2024,a1b_phase,A1b 카운트 국면,-47.61746227188795,-52.66352954135351,-42.657621927591045,-43.0277032553478,-4.959840344296907,-9.63582628600571
sj_stdmlp,2024,a2_li,A2 경기 중요도 li,-46.01668239210917,-55.28266868923486,-42.657621927591045,-43.0277032553478,-3.359060464518123,-12.254965433887058
sj_stdmlp,2024,a3_load,A3 전시즌 경기당 대비 등판 투구수,-45.851622390341575,-49.180178577461206,-42.657621927591045,-43.0277032553478,-3.1940004627505303,-6.152475322113403
sj_stdmlp,2024,a3b_gp,A3b 등판 내 투구수,-43.77719806011591,-45.569534861116445,-42.657621927591045,-43.0277032553478,-1.1195761325248625,-2.5418316057686425
sj_stdmlp,2024,a4_prevp,A4 전시즌 투구수,-43.95403560533589,-55.90804254280314,-42.657621927591045,-43.0277032553478,-1.2964136777448445,-12.880339287455335
sj_stdmlp,2024,a5_asofn,A5 투수 누적 이력,-43.454886462365465,-48.08281782250428,-42.657621927591045,-43.0277032553478,-0.7972645347744205,-5.05511456715648
sj_stdmlp,2024,a6_psucc,A6 투수 수준 5분위,-50.39697715992033,-49.34507895886445,-42.657621927591045,-43.0277032553478,-7.739355232329288,-6.317375703516646
sj_stdmlp,2024,a7_inning,A7 이닝,-49.19143744031661,-55.11849596559963,-42.657621927591045,-43.0277032553478,-6.5338155127255675,-12.090792710251826
sj_stdmlp,2024,a8_hand,A8 손 매치업,-39.68472062999594,-46.12077966812123,-42.657621927591045,-43.0277032553478,2.972901297595108,-3.093076412773428
sj_stdmlp,2024,a9_batn,A9 타자 누적 이력,-40.88300696977515,-43.21731784084864,-42.657621927591045,-43.0277032553478,1.774614957815892,-0.1896145855008342
ye_hand,2022,a10_base,A10 주자 상황,18.461950363545057,14.41683660467157,15.206916020929407,10.710835794936118,3.25503434261565,3.7060008097354515
ye_hand,2022,a11_typemo,A11 game_type x 월블록,20.017126672898737,9.480971073314345,15.206916020929407,10.710835794936118,4.81021065196933,-1.229864721621773
ye_hand,2022,a12_role,A12 투수 역할(전시즌),23.358611193708228,35.40349557220216,15.206916020929407,10.710835794936118,8.15169517277882,24.692659777266044
ye_hand,2022,a13_tens,A13 이닝 x 점수차,9.53275677708978,-1.544055153005779,15.206916020929407,10.710835794936118,-5.674159243839627,-12.254890947941897
ye_hand,2022,a1_count,A1 볼카운트,15.263989093728004,6.724539648459349,15.206916020929407,10.710835794936118,0.057073072798596414,-3.9862961464767688
ye_hand,2022,a1b_phase,A1b 카운트 국면,15.763038378736404,7.921441606771513,15.206916020929407,10.710835794936118,0.5561223578069967,-2.7893941881646054
ye_hand,2022,a2_li,A2 경기 중요도 li,9.972848925390636,8.35031801388016,15.206916020929407,10.710835794936118,-5.234067095538771,-2.3605177810559574
ye_hand,2022,a3_load,A3 전시즌 경기당 대비 등판 투구수,11.240178318882586,4.450878873504445,15.206916020929407,10.710835794936118,-3.966737702046821,-6.259956921431673
ye_hand,2022,a3b_gp,A3b 등판 내 투구수,17.053626799576016,15.280026141500498,15.206916020929407,10.710835794936118,1.8467107786466084,4.56919034656438
ye_hand,2022,a4_prevp,A4 전시즌 투구수,39.85316374896235,55.580060049088246,15.206916020929407,10.710835794936118,24.646247728032947,44.86922425415213
ye_hand,2022,a5_asofn,A5 투수 누적 이력,22.828635265536636,18.450243931587945,15.206916020929407,10.710835794936118,7.621719244607229,7.739408136651827
ye_hand,2022,a6_psucc,A6 투수 수준 5분위,12.545025359324413,-20.79172575352571,15.206916020929407,10.710835794936118,-2.6618906616049944,-31.502561548461827
ye_hand,2022,a7_inning,A7 이닝,14.078378049151047,5.180686832258025,15.206916020929407,10.710835794936118,-1.1285379717783606,-5.530148962678093
ye_hand,2022,a8_hand,A8 손 매치업,19.424882989259228,16.182060642488132,15.206916020929407,10.710835794936118,4.21796696832982,5.471224847552014
ye_hand,2022,a9_batn,A9 타자 누적 이력,19.8748239188051,14.45920014002683,15.206916020929407,10.710835794936118,4.667907897875692,3.748364345090712
ye_hand,2024,a10_base,A10 주자 상황,39.233381696939205,7.886647388787459,35.61454249598908,3.0421329024598243,3.618839200950127,4.844514486327634
ye_hand,2024,a11_typemo,A11 game_type x 월블록,33.769132287688684,-11.5660967018136,35.61454249598908,3.0421329024598243,-1.8454102083003932,-14.608229604273424
ye_hand,2024,a12_role,A12 투수 역할(전시즌),28.667488455382983,14.723751480243159,35.61454249598908,3.0421329024598243,-6.947054040606094,11.681618577783334
ye_hand,2024,a13_tens,A13 이닝 x 점수차,26.05154067666818,-20.77012408073966,35.61454249598908,3.0421329024598243,-9.563001819320899,-23.812256983199482
ye_hand,2024,a1_count,A1 볼카운트,47.634616217111635,13.746245318205176,35.61454249598908,3.0421329024598243,12.020073721122557,10.704112415745351
ye_hand,2024,a1b_phase,A1b 카운트 국면,46.661407209502855,11.338675457425698,35.61454249598908,3.0421329024598243,11.046864713513777,8.296542554965873
ye_hand,2024,a2_li,A2 경기 중요도 li,26.528136092238796,-8.608719847103373,35.61454249598908,3.0421329024598243,-9.086406403750281,-11.650852749563198
ye_hand,2024,a3_load,A3 전시즌 경기당 대비 등판 투구수,29.84686586021642,2.887074279633203,35.61454249598908,3.0421329024598243,-5.767676635772659,-0.1550586228266213
ye_hand,2024,a3b_gp,A3b 등판 내 투구수,35.24320403051297,5.909053766737817,35.61454249598908,3.0421329024598243,-0.37133846547610716,2.866920864277993
ye_hand,2024,a4_prevp,A4 전시즌 투구수,37.91996733344854,12.497310485392171,35.61454249598908,3.0421329024598243,2.305424837459462,9.455177582932347
ye_hand,2024,a5_asofn,A5 투수 누적 이력,29.849753716360144,-10.935185559283259,35.61454249598908,3.0421329024598243,-5.764788779628933,-13.977318461743083
ye_hand,2024,a6_psucc,A6 투수 수준 5분위,28.935446099524324,-57.86872324057147,35.61454249598908,3.0421329024598243,-6.679096396464754,-60.910856143031296
ye_hand,2024,a7_inning,A7 이닝,29.649324986137064,-8.280525318677494,35.61454249598908,3.0421329024598243,-5.965217509852014,-11.322658221137319
ye_hand,2024,a8_hand,A8 손 매치업,40.99392072603017,1.8996500402159455,35.61454249598908,3.0421329024598243,5.379378230041091,-1.1424828622438787
ye_hand,2024,a9_batn,A9 타자 누적 이력,34.813743409917784,-0.7322127995831167,35.61454249598908,3.0421329024598243,-0.8007990860712937,-3.774345702042941
