name,date,val2024_all,val2024_R,val2024_F,val2022_all,val2022_R,val2022_F,baseline,verdict,public,note
s1_ptype_prob,2026-08-26,881.6,898.0,433.1,2470.9,735.5,27.8,s1scr_base,기각,,1단 스크리닝 CB단독 4짝시드 (곁가지: 구종축) | P-3 Δ+1.8<7 시드잡음
s1_ptype_psr,2026-08-26,834.0,868.9,246.6,2404.8,672.2,-73.8,s1scr_base,기각,,1단 스크리닝 CB단독 4짝시드 (곁가지: 구종축)
s1_ptype,2026-08-26,833.5,860.9,302.1,2416.9,684.0,-56.5,s1scr_base,기각,,1단 스크리닝 CB단독 4짝시드 (곁가지: 구종축)
s1scr_base,2026-08-26,879.8,901.7,390.3,2469.4,733.7,29.4,,미판정,,168 CB단독 4짝시드 스크리닝 기준선 (val 파일은 S1_base 와 대소문자 충돌로 덮임 — 수치는 logs/s1_base.log 에 남음)
S1_base,2026-08-27,885.3,900.4,447.0,2479.5,731.9,143.7,,기준선,,168 1WAY cb+ft+mlp 블렌드 8짝시드 (본선 S1 기준선)
S2_way,2026-08-27,860.8,889.1,322.8,2379.9,654.8,-168.1,S1_base,기각(1WAY 대체) / 멤버 유효,,"[실험기록·단독BSS] 정직한 블렌드 Δ +1.1 | 168피처 x 3WAY 포함-배제 identity (CB단독 8짝시드) | 1WAY 대체재로는 기각 (CB단독 881.8 -> 860.8) | ★멤버로는 유효 — 08-27 재판정: cb+ft 881.7 -> 885.8 (Δ+4.1, 같은 자리에서 mlp 는 -9.2). 최초 note 의 'way 분해 폐쇄 근거' 는 철회한다 — 그 판정을 fit(2022) 로 냈는데 단절 건너편이라 편향된 방향이었고 기준선도 3멤버 자체적합이었다. PROGRESS.md 08:10 절 참조"
FAM_r1_lgb31,2026-08-27,779.0,793.9,341.7,2253.4,512.7,-183.0,S1_base,기각,,[실험기록·단독BSS] 정직한 블렌드 Δ +1.2 | [축7] | num_leaves=31 | 블렌드 Δ+1.8 (자체적합) | ρ(cb)=0.9172 | val2022 미측정 — P-2 비하락 관문 미적용
FAM_r1_lgb63,2026-08-27,706.1,720.7,270.2,2037.8,310.4,-551.8,S1_base,기각,,[실험기록·단독BSS] 정직한 블렌드 Δ +1.4 | [축7] ★라운드1~2 승자. 단독 706.1 로 lgb31(779.0)보다 나쁜데 ρ(cb) 0.8493 vs 0.9172 라 블렌드 기여가 +5.1 vs +1.8 이다. 용량을 키우면 단독은 떨어지고 상관도 떨어진다 — lgb127(단독 554.0 ρ 0.7388)에서 Δ+4.3 으로 꺾이므로 63 이 최적점. 3폴드 재측정 진행 중(FAM_f3)
FAM_r1_xgb6,2026-08-27,887.8,901.2,461.2,,,,S1_base,기각,,[축7] | max_depth=6 | 블렌드 Δ+2.4 (자체적합) | ρ(cb)=0.8597 | val2022 미측정 — P-2 비하락 관문 미적용
FAM_r2_lgb127,2026-08-27,889.7,903.6,459.4,,,,S1_base,기각,,[축7] | num_leaves=127 | 블렌드 Δ+4.3 (자체적합) | ρ(cb)=0.7388 | val2022 미측정 — P-2 비하락 관문 미적용
FAM_r2_lgb_dart,2026-08-27,884.6,898.9,452.0,,,,S1_base,기각,,"[축7] dart 는 단독을 lgb 계열 최고(822.2, ft 803.7 보다 높다)로 올리지만 ρ(cb) 도 최고(0.9600)라 블렌드에서 진다. 모델을 개선하되 CB 쪽으로 개선한다"
FAM_r2_lgb_extra,2026-08-27,885.1,900.8,441.8,,,,S1_base,기각,,[축7] 분할점 무작위화(extra_trees)는 제대로 학습시키면 탈상관에 기여하지 않는다 — 같은 함수로 수렴한다. 25트리 배선점검에서 ρ 0.7355 로 보였던 것은 덜 학습된 모델이 덜 닮은 것일 뿐이었다 (3000트리 실측 0.8973). 단독 703.6 으로 lgb63(706.1)과 같은데 Δ 는 -0.3 vs +5.1
FAM_r2_lgb_huber,2026-08-27,887.1,901.2,455.6,,,,S1_base,기각,,[축7] ★무효 arm — objective=huber 가 이 데이터에서 제곱오차와 비트단위로 동일하다 (lgb31 과 예측 최대절대차 0.000e+00). huber 기본 alpha=0.9 인데 0/1 타깃에 예측이 0.486 근처라 잔차가 0.49~0.51 로 alpha 를 못 넘는다. 손실 변경을 다양성 레버로 쓰려면 alpha<0.4 또는 링크가 다른 목적함수를 써야 한다
FAM_r2_lgb_linear,2026-08-27,885.7,900.7,447.8,,,,S1_base,기각,,[축7] ★붕괴 — linear_tree=True 는 NaN 이 있는 상태에서 잎의 선형모형이 외삽으로 폭발한다 (단독 -14471.4). ρ(cb)=-0.10 은 탈상관이 아니라 잡음이고 가중치도 0.005 다. **쓰레기에서 온 낮은 상관은 아무것도 사지 못한다** 는 대조군으로만 유효
FSPEC_r1_cb_f_last1,2026-08-27,107.8,64.5,104.0,885.7,-210.7,-7356.0,S1_base,기각,,[실험기록·단독BSS] [축8] | rows=F_last1 | 블렌드 Δ+2.6 (자체적합) | ρ(cb)=0.2901 | 2폴드 완비 후 재등재
FSPEC_r1_cb_f_only,2026-08-27,349.6,308.2,331.7,1060.0,-57.2,-6971.2,S1_base,기각,,[실험기록·단독BSS] 정직한 블렌드 Δ +2.7 (cb+ft 위) | [축8] | rows=F | 블렌드 Δ+4.2 (자체적합) | ρ(cb)=0.5718 | 2폴드 완비 후 재등재
FSPEC_r1_cb_f_up20,2026-08-27,797.7,806.8,403.7,2412.8,683.3,-90.6,S1_base,기각,,[실험기록·단독BSS] [축8] | wF=20.0 | 블렌드 Δ+2.1 (자체적합) | ρ(cb)=0.9320 | 2폴드 완비 후 재등재
FSPEC_r1_cb_f_up5,2026-08-27,856.3,872.9,405.8,2459.9,728.7,-21.4,S1_base,기각,,[실험기록·단독BSS] [축8] | wF=5.0 | 블렌드 Δ+0.3 (자체적합) | ρ(cb)=0.9800 | 2폴드 완비 후 재등재
FSPEC_r1_cb_last1,2026-08-27,835.9,845.0,441.9,2376.6,664.1,-281.1,S1_base,기각,,[실험기록·단독BSS] 정직한 블렌드 Δ +4.0 (val2022 -7.3 로 관문 미달) | [축8] | rows=last1 | 블렌드 Δ+5.7 (자체적합) | ρ(cb)=0.9409 | 2폴드 완비 후 재등재
FSPEC_r1_cb_last2,2026-08-27,839.4,852.3,417.2,2413.8,699.3,-218.8,S1_base,기각,,[실험기록·단독BSS] [축8] | rows=last2 | 블렌드 Δ-1.1 (자체적합) | ρ(cb)=0.9726 | 2폴드 완비 후 재등재
sj_cb_ft_fonly,2026-08-27,887.7,902.9,448.0,2481.5,743.5,63.3,S1_base,채택,,"★채택 — 현행 배포 cb+ft+mlp 의 mlp 를 F 전문가(cb_f_only, F행만 학습)로 교체. fit(2022·R)->eval(2024) 877.8->887.7 Δ+9.87 (부트스트랩 SE 2.89, 3.42σ, CI[+4.23,+15.50]). val2022 2477.7->2481.5 Δ+3.82 >= 0 으로 P-2 비하락 관문 통과. 포장비용 0 (CatBoost, cb_export 경로 그대로). P-2 의 +21 은 arm대arm 비교(SE 8.6~10.5)용이라 이 비교에 안 맞는다 — 멤버구성 비교의 실측 SE 는 2.2~3.4 이고 2sigma 는 +4.4~+6.8. bootstrap_blend.py 참조"
WAVG_r1_identity,2026-08-27,869.7,897.8,333.8,2374.2,650.2,-183.8,S2_way,기각,,"[실험기록·단독BSS] 정직한 블렌드 Δ +1.2 | [본선 S5 대응] 15 way 계열평균 identity — 가중치 스킴 7종 로짓평균. identity 단독은 860.8(S2_way) -> 869.7 로 +8.9 올랐으나 **블렌드 기여는 +1.1 -> +1.2 로 +0.1** 이다. rho(두 identity)=0.9922 로 사실상 같은 예측기이고 rho(cb) 도 0.9638->0.9609 로 안 움직인다. 정확도는 올렸는데 관계를 못 바꿨다. 자체적합 +9.6 vs 정직 +1.2 (8.4 부풀림, 오늘 최대). 15 의 구 트랙 +17.6 은 A0 826.1 이라는 훨씬 약한 base 위 수치다."
FSPEC_r2_cb_f_d3,2026-08-27,292.0,260.3,201.5,996.0,-65.9,-7523.9,S1_base,기각,,[실험기록·단독BSS] 정직한 블렌드 Δ +0.9 | [축8] | rows=F depth=3 | 블렌드 Δ+2.1 (자체적합) | ρ(cb)=0.5327 | 라운드2 — F 전용 하이퍼 탐색 + 최근성 대조군
FSPEC_r2_cb_f_d8,2026-08-27,438.3,397.7,415.6,998.7,-117.5,-7052.4,S1_base,기각,,[실험기록·단독BSS] 정직한 블렌드 Δ +3.7 (cb+ft 위) | [축8] | rows=F depth=8 | 블렌드 Δ+4.8 (자체적합) | ρ(cb)=0.6440 | 라운드2 — F 전용 하이퍼 탐색 + 최근성 대조군
FSPEC_r2_cb_f_l2hi,2026-08-27,461.2,430.1,367.0,1137.4,1.0,-6714.6,S1_base,기각,,[실험기록·단독BSS] 정직한 블렌드 Δ +3.0 | [축8] | rows=F l2_leaf_reg=30000.0 | 블렌드 Δ+3.7 (자체적합) | ρ(cb)=0.6731 | 라운드2 — F 전용 하이퍼 탐색 + 최근성 대조군
FSPEC_r2_cb_f_l2lo,2026-08-27,174.0,143.2,76.0,841.4,-117.8,-8593.2,S1_base,기각,,[실험기록·단독BSS] 정직한 블렌드 Δ +1.3 | [축8] | rows=F l2_leaf_reg=1000.0 | 블렌드 Δ+3.8 (자체적합) | ρ(cb)=0.3845 | 라운드2 — F 전용 하이퍼 탐색 + 최근성 대조군
FSPEC_r2_cb_f_prev,2026-08-27,130.4,123.3,-145.2,62.0,-135.6,-16085.4,S1_base,기각,,[실험기록·단독BSS] 정직한 블렌드 Δ +2.6 | [축8] | rows=F_prev | 블렌드 Δ+2.9 (자체적합) | ρ(cb)=0.3365 | 라운드2 — F 전용 하이퍼 탐색 + 최근성 대조군
FSPEC_r2_cb_prev1,2026-08-27,59.7,187.3,-1224.4,1865.9,391.1,-2934.6,S1_base,기각,,[실험기록·단독BSS] 정직한 블렌드 Δ +0.1 | [축8] | rows=prev1 | 블렌드 Δ+2.8 (자체적합) | ρ(cb)=0.3382 | 라운드2 — F 전용 하이퍼 탐색 + 최근성 대조군
DIST_r1_D0,2026-08-27,713.5,812.1,-351.5,2348.7,592.5,63.8,sj_cb_ft_fonly,기각,,"[실험기록·단독BSS] 정직한 블렌드 Δ -2.1 | [축4] 증류 | **정직한 Δ -2.1** (fit 2022·R -> eval 2024, 채택안 cb+ft+cb_f_only=887.7 위) | kind=hard | ρ(cb)=0.8961 "
DIST_r1_D1_50,2026-08-27,539.1,755.3,-1408.1,2402.4,659.9,8.1,sj_cb_ft_fonly,기각,,"[실험기록·단독BSS] 정직한 블렌드 Δ -16.2 | [축4] 증류 | **정직한 Δ -16.2** (fit 2022·R -> eval 2024, 채택안 cb+ft+cb_f_only=887.7 위) | kind=soft lam=0.5 | ρ(cb)=0.8075 "
DIST_r1_D2,2026-08-27,774.6,831.4,22.9,2353.7,598.4,62.0,sj_cb_ft_fonly,기각,,"[실험기록·단독BSS] 정직한 블렌드 Δ -0.1 | [축4] 증류 | **정직한 Δ -0.1** (fit 2022·R -> eval 2024, 채택안 cb+ft+cb_f_only=887.7 위) | kind=feature | ρ(cb)=0.9192 "
DIST_r1_D3,2026-08-27,492.6,605.8,-682.3,2235.5,582.8,-962.9,sj_cb_ft_fonly,기각,,"[실험기록·단독BSS] 정직한 블렌드 Δ -0.4 | [축4] 증류 | **정직한 Δ -0.4** (fit 2022·R -> eval 2024, 채택안 cb+ft+cb_f_only=887.7 위) | kind=residual | ρ(cb)=0.7153  | 30.1 이 '이 arm 이 본선' 이라 지목했으나 폴드마다 다른 모델이 된다 (rho 0.7153 vs 0.9506)"
DIST_r1_D4_10,2026-08-27,-11.1,-20.2,-271.8,-28.1,-270.5,-15804.4,sj_cb_ft_fonly,기각,,"[실험기록·단독BSS] 정직한 블렌드 Δ -0.1 | [축4] 증류 | **정직한 Δ -0.1** (fit 2022·R -> eval 2024, 채택안 cb+ft+cb_f_only=887.7 위) | kind=anti gamma=0.1 | ρ(cb)=-0.5300  | ★자체적합 +1.5 는 발산이었다 — fold2024 가중치 +2.887 vs fold2022 −9.162 로 부호가 뒤집힌다. 신호 없는 멤버(단독 −11.1)에 |w|>2 가 붙는 것은 최소제곱이 큰 차분으로 공통오차를 상쇄하는 패턴이고 전이되지 않는다"
DIST_r1_D4_30,2026-08-27,-15.5,-26.0,-265.0,-42.0,-277.8,-15877.5,sj_cb_ft_fonly,기각,,"[실험기록·단독BSS] 정직한 블렌드 Δ -0.1 | [축4] 증류 | **정직한 Δ -0.1** (fit 2022·R -> eval 2024, 채택안 cb+ft+cb_f_only=887.7 위) | kind=anti gamma=0.3 | ρ(cb)=-0.5242  | ★자체적합 +1.5 는 발산이었다 — fold2024 가중치 +2.887 vs fold2022 −9.162 로 부호가 뒤집힌다. 신호 없는 멤버(단독 −11.1)에 |w|>2 가 붙는 것은 최소제곱이 큰 차분으로 공통오차를 상쇄하는 패턴이고 전이되지 않는다"
cw_v17_base,2026-08-25,821.0,842.6,332.9,2498.5,754.0,139.8,,미판정,983,"[팀원 cw] submit_v17_base.zip Public 983 단독 / sj 결합 1072.865. 168피처 CB(RMSE)+FT+MLP, 리더보드 유래 상수 0개. ★sj 현행과 ρ0.9892 (sj 가 v17 스택을 동결해 써서 사실상 같은 모델) -> 2-way 결합 이득 0.00. 정직 전이 fit(2022)->eval(2024) -35.6. 2022 는 sj 보다 +17.0 (F +76.5) 로 앞선다"
hw_v12,2026-08-24,808.9,791.3,614.8,,,,,미판정,912.1253278902,"[팀원 hw] submit_v12.zip 2026-08-24. 57피처 CatBoost 16시드, hand 범주형 + handedness_matchup. hw 자체보고 808.89 와 여기 재측정 808.9 가 일치 — 공유 예측이 실제 v12 배포구성임을 확인. ★2024 F 614.8 로 팀 최고 (sj 최고 F전문가 cb_f_only 448.0 대비 +166.8) — F 는 피처를 줄이는 쪽이 맞다는 신호. sj 와 ρ0.9076, 2-way 자체적합 +12.3. val2022 미측정 — 규칙 1 비하락 관문·결합층 정직 전이 판정 모두 미적용"
yn_fa10c,2026-08-19,815.6,815.0,494.3,,,,,미판정,964.2538081998,"[팀원 yn] submit_fa10c.zip 2026-08-19. 71피처(68+1군/2군 오염보정 3), CatBoost 20시드 x2계열 + LGB 20시드, isotonic->clip(0,0.80). 여기 815.6 은 combine 규격 raw 판이고 배포구성은 yn 자체보고 880.79 — 두 숫자를 섞지 않는다. ★sj·cw 양쪽과 가장 덜 닮은 멤버(ρ0.8949/0.8800), sj 2-way 자체적합 +18.2 로 팀 최대. late(8-10) 537.3 팀 최고. hw 와는 ρ0.9523 이라 택일. val2022 미측정 + ★학습코드 없음(RULES §7 재현 불가) — models/yn_fa10c/MISSING.md"
GRID_idfreq_g_d4_l10k,2026-08-27,898.1,916.8,432.3,2483.0,737.0,133.3,S1_base,동률,,"[축CB격자] | depth=4 l2_leaf_reg=10000.0 | 블렌드 Δ+12.7 (자체적합) | ρ(cb)=0.9909 | §29.2 조건부 재탐색(id_freq 로 176 피처). ★판정은 이 행의 4멤버 자체적합이 아니라 실제 cw 모듈(새cb+ft+mlp, 제출2 내부가중 고정)로 따로 쟀다 — d6_l10k val2024 898.8->903.0/val2022 2490.1->2490.2 관문통과, d6_l3k 는 2024 +8.9 지만 2022 -7.9 로 관문탈락"
GRID_idfreq_g_d4_l30k,2026-08-27,891.8,910.2,428.7,2485.8,738.6,147.6,S1_base,기각,,"[축CB격자] | depth=4 l2_leaf_reg=30000.0 | 블렌드 Δ+6.5 (자체적합) | ρ(cb)=0.9897 | §29.2 조건부 재탐색(id_freq 로 176 피처). ★판정은 이 행의 4멤버 자체적합이 아니라 실제 cw 모듈(새cb+ft+mlp, 제출2 내부가중 고정)로 따로 쟀다 — d6_l10k val2024 898.8->903.0/val2022 2490.1->2490.2 관문통과, d6_l3k 는 2024 +8.9 지만 2022 -7.9 로 관문탈락"
GRID_idfreq_g_d4_l3k,2026-08-27,899.3,917.0,441.0,2481.7,735.9,130.8,S1_base,동률,,"[축CB격자] | depth=4 l2_leaf_reg=3000.0 | 블렌드 Δ+14.0 (자체적합) | ρ(cb)=0.9887 | §29.2 조건부 재탐색(id_freq 로 176 피처). ★판정은 이 행의 4멤버 자체적합이 아니라 실제 cw 모듈(새cb+ft+mlp, 제출2 내부가중 고정)로 따로 쟀다 — d6_l10k val2024 898.8->903.0/val2022 2490.1->2490.2 관문통과, d6_l3k 는 2024 +8.9 지만 2022 -7.9 로 관문탈락"
GRID_idfreq_g_d5_l10k,2026-08-27,902.0,918.8,450.2,2488.1,740.8,150.4,S1_base,동률,,"[축CB격자] | depth=5 l2_leaf_reg=10000.0 | 블렌드 Δ+16.7 (자체적합) | ρ(cb)=0.9895 | §29.2 조건부 재탐색(id_freq 로 176 피처). ★판정은 이 행의 4멤버 자체적합이 아니라 실제 cw 모듈(새cb+ft+mlp, 제출2 내부가중 고정)로 따로 쟀다 — d6_l10k val2024 898.8->903.0/val2022 2490.1->2490.2 관문통과, d6_l3k 는 2024 +8.9 지만 2022 -7.9 로 관문탈락"
GRID_idfreq_g_d5_l30k,2026-08-27,897.0,915.4,433.7,2487.2,739.0,158.7,S1_base,동률,,"[축CB격자] | depth=5 l2_leaf_reg=30000.0 | 블렌드 Δ+11.7 (자체적합) | ρ(cb)=0.9852 | §29.2 조건부 재탐색(id_freq 로 176 피처). ★판정은 이 행의 4멤버 자체적합이 아니라 실제 cw 모듈(새cb+ft+mlp, 제출2 내부가중 고정)로 따로 쟀다 — d6_l10k val2024 898.8->903.0/val2022 2490.1->2490.2 관문통과, d6_l3k 는 2024 +8.9 지만 2022 -7.9 로 관문탈락"
GRID_idfreq_g_d5_l3k,2026-08-27,905.9,920.6,470.5,2483.7,737.3,138.5,S1_base,동률,,"[축CB격자] | depth=5 l2_leaf_reg=3000.0 | 블렌드 Δ+20.6 (자체적합) | ρ(cb)=0.9876 | §29.2 조건부 재탐색(id_freq 로 176 피처). ★판정은 이 행의 4멤버 자체적합이 아니라 실제 cw 모듈(새cb+ft+mlp, 제출2 내부가중 고정)로 따로 쟀다 — d6_l10k val2024 898.8->903.0/val2022 2490.1->2490.2 관문통과, d6_l3k 는 2024 +8.9 지만 2022 -7.9 로 관문탈락"
GRID_idfreq_g_d6_l10k,2026-08-27,905.8,921.4,463.1,2488.2,740.3,156.8,S1_base,동률,,"[축CB격자] | depth=6 l2_leaf_reg=10000.0 | 블렌드 Δ+20.5 (자체적합) | ρ(cb)=0.9849 | §29.2 조건부 재탐색(id_freq 로 176 피처). ★판정은 이 행의 4멤버 자체적합이 아니라 실제 cw 모듈(새cb+ft+mlp, 제출2 내부가중 고정)로 따로 쟀다 — d6_l10k val2024 898.8->903.0/val2022 2490.1->2490.2 관문통과, d6_l3k 는 2024 +8.9 지만 2022 -7.9 로 관문탈락"
GRID_idfreq_g_d6_l30k,2026-08-27,899.1,916.3,445.2,2489.0,740.7,161.3,S1_base,동률,,"[축CB격자] | depth=6 l2_leaf_reg=30000.0 | 블렌드 Δ+13.8 (자체적합) | ρ(cb)=0.9801 | §29.2 조건부 재탐색(id_freq 로 176 피처). ★판정은 이 행의 4멤버 자체적합이 아니라 실제 cw 모듈(새cb+ft+mlp, 제출2 내부가중 고정)로 따로 쟀다 — d6_l10k val2024 898.8->903.0/val2022 2490.1->2490.2 관문통과, d6_l3k 는 2024 +8.9 지만 2022 -7.9 로 관문탈락"
GRID_idfreq_g_d6_l3k,2026-08-27,910.2,923.9,481.5,2484.4,738.1,138.6,S1_base,채택,,"[축CB격자] | depth=6 l2_leaf_reg=3000.0 | 블렌드 Δ+24.8 (자체적합) | ρ(cb)=0.9844 | §29.2 조건부 재탐색(id_freq 로 176 피처). ★판정은 이 행의 4멤버 자체적합이 아니라 실제 cw 모듈(새cb+ft+mlp, 제출2 내부가중 고정)로 따로 쟀다 — d6_l10k val2024 898.8->903.0/val2022 2490.1->2490.2 관문통과, d6_l3k 는 2024 +8.9 지만 2022 -7.9 로 관문탈락"
sj_grid_w060,2026-08-27,903.0,,,2490.2,,,sj_idfreq_w,채택,,"[sj_final] 오늘 최종본. cb depth 5->6 (§29.2 조건부 재탐색 발동 — id_freq 로 176 피처가 되어 CB 최적점 이동). 9설정x3짝시드x2폴드 16.4분. ★두 폴드가 반대 방향을 원한다: 2024 는 깊고 약한 규제, 2022 는 강한 규제(구조 단절 이전). 2024 주판정+2022 비하락으로 d6_l10k 채택 (2024 +4.2 / 2022 +0.0). d6_l3k 는 2024 +8.9 지만 2022 -7.9 관문탈락. 내부가중 재적합은 불필요(새 w .698/.227/.080 이 제출2 .710/.236/.069 와 동등, 2024 에서 -1.1). 팀가중 w_cw .60/.40 합=1 shift 0 — 월전방분할 정방향 726.6->729.2, 역방향 1051.7->1055.5 양방향 개선. cb 추론 88.7->105.2초(+18.6%), 최악가정 460/600초"
sj_teamblend_yn,2026-08-27,,,,,,,sj_cw_sj3way,기각,,"[sj_final] yn 을 3번째 팀 멤버로 편입 — 기각. yn 은 내 cw스택과 ρ0.8949 로 탈상관이지만 ★sj3way 와는 ρ0.9572 다. 실제 구조(cw+sj3way) 위에 얹으면 월전방분할 정직 +0.3 / 등가중 -5.9. 챔피언 script.py docstring 의 'hw,yn 은 정보 중복' 판단이 맞았다. 교훈: 비교 대상 멤버를 틀리면 결론이 뒤집힌다"
sj_bucket_blend,2026-08-27,,,,,,,sj_single_w,기각,,[sj_final] 구간별 결합가중 12축(볼카운트/game_type/투구표본수/이닝/점수차/주자/아웃). 볼카운트 balls 0-3 이 정방향 +4.1 로 최고였으나 ★역방향 -2.0 으로 기각. 전역 w 로 λ=0.3 수축하면 양방향 +1.5/+1.2 로 생존하나 이득이 작고 결합부가 asof_pitcher_n 하드코딩이라 미채택. 투구표본수 축 ~0 은 챔피언 작성자 보고와 일치. 점수차 -8.8 로 최악
sj_teamw_sum1,2026-08-27,,,,,,,sj_idfreq_w,채택,,"[sj_final] 팀 결합가중 합=1 제약. ★하네스 리더보드 검증: 제출3(w_cw .5/w_sj .6433, 합1.143)의 Δval -6.1 예측 -> 실제 1076.72->1070 (-6.7). 전이율 1.1 (같은 모델의 가중만 바꾸면 손실 없이 전이). 기전은 분산 — center_shift 는 평균만 맞출 뿐 합≠1 의 분산 팽창을 못 되돌린다. 합을 풀어준 2차원 자유적합은 같은 분할에서 -24.8 로 붕괴. 계기: val2024 를 월3~6 적합 -> 월7~10 평가 + 역방향"
